id,target
00026ce3c5,0
0015c81349,1
00176141e9,0
0017ee018a,1
001a19d8d7,0
0020b7510d,1
0021095cf1,1
00224cee90,0
0023e45ee3,1
0024a051d7,0
00261cd6e5,0
002c474e05,1
002db92308,1
002f07dd76,1
003112824c,0
00343f8804,0
0037cc59e5,0
0038d163a2,1
004122364d,1
00418cae9b,0
0042bf5979,1
00432ac4e3,0
00433658db,1
0043aa1fc5,0
0044382258,0
0045ce7c88,1
00486efa1c,0
00578ed373,1
005a2e20e1,0
005bda3442,0
005eb76142,1
005efec0ce,0
005f7f67bd,1
0060e0e22e,1
0061c9a516,1
00631736cd,0
0071619ebb,1
00717728d9,0
0078660a43,1
0079f18eaf,1
008483e095,0
008a06ba13,1
008d9d572b,1
008e64a016,0
0090de95b8,0
009620c1ab,1
009807a0fc,1
009badf80d,0
00a48e8ccb,0
00a66f8ecd,0
00a6a5a267,0
00aa85f656,0
00ab583b90,0
00b0c4550f,1
00b26a01c1,0
00b657386b,1
00b78e4ed7,0
00bbe2a3ab,1
00bc165e2e,0
00bc77b5d1,0
00c0eca344,1
00cb779a7d,1
00ccac61b4,0
00ceee94e5,0
00cf958d7c,1
00d0664386,0
00d5f328a9,1
00d65e5f2c,1
00d7ac5098,0
00d86e6076,1
00d8e03cca,0
00e3624f54,1
00eef78973,0
00f0b8a4db,1
00f2c4882d,0
00f5c07e10,0
00f732a0ee,1
00f7539ebd,1
00fd27840b,1
00ff4de3e0,1
0103503166,1
0103761e96,0
010b1714e2,0
010c6bb038,0
01111cd9d6,0
011181049b,1
01174695d9,1
0118ae569a,0
011a4cd228,0
012182649f,0
0121c199a3,0
012330b9de,1
01261fab06,0
0127111ac2,0
012781dbc4,1
012a365f3b,0
012c247ea8,1
013324bf1d,1
0135afc9b0,0
013fa3a95c,1
0140d5c2cc,1
0142abe810,0
0143b05ed9,1
014898c56f,0
0150bcfc82,0
01548fd6ad,0
015d98011d,1
017321dee2,0
017560259b,0
017753bf2b,0
017ec2b1a8,1
017f7f5c85,0
018514a62f,1
0185522785,0
018a2ad374,0
018d471a92,0
01917651a2,1
0191b8c560,0
0191e125a7,1
01a175df87,0
01a2472dc8,0
01a64c8102,1
01a749172e,1
01ae89fe7d,1
01af8e8ec5,0
01afbe365c,0
01b79bfc57,1
01c1e4241b,1
01c2a4c1ca,0
01c3688038,0
01c7249d47,0
01cd734c7f,1
01cfe439b0,0
01d6134a7f,1
01db49128d,0
01dbb25ad9,1
01df44fd1a,0
01e06d9d1c,1
01e119ed88,1
01e265e253,0
01e2d0caf8,1
01e384b264,0
01ef834c7e,0
01f159d563,1
01f2221dc1,0
01f483bd6f,1
01f6824bce,0
01fbfd061d,1
01fcbcf4a4,0
01fcc089c3,0
01fe6dcfee,0
0200bf2c54,1
0203ecaea7,0
020e59c544,1
020f4526c9,1
02127ced17,0
0212ba6048,0
02148c614d,0
0214f1fc06,1
021cc1b3c6,0
021ee7cf73,1
021f605c08,1
0223e6b879,0
02280d1755,1
02295f2e6d,1
022afef650,1
022b4bf21f,1
022b559789,0
022d452b6f,0
02336a9c67,1
0237090b3b,0
0238e2d08e,0
0239753c47,0
023a48ca6c,0
023c12b5ef,0
023d4670d0,0
0245a5c4e9,1
024629c1d9,1
0248628c7a,1
024dbee6be,0
024e320b53,0
024f5313fe,0
02511dfa50,1
025126e010,0
025614a331,0
0258301cd9,1
025a7531cb,0
025ee94850,0
025ef3e7a6,0
025f4c0149,0
025fdd2bcb,0
026d079c7b,0
0270b83b27,0
02751db605,0
02782ed02b,1
0278fb13e0,1
027bfe8ff0,1
027c1eafb9,1
02804f1923,0
0280951116,0
02857fe4d2,1
028642f379,1
028a797bb8,0
028fefbd8a,0
0291db6b70,0
02968e9b07,1
02980ff62e,0
02989ab411,1
029b195e93,0
029da9b890,1
029efe693c,0
02a0e278e2,1
02a7bd93fc,0
02ac9c99cf,1
02b14731d6,0
02b445993e,0
02b477704d,1
02b7ce61c0,1
02b7fd16a0,1
02bdf91b42,0
02be624da6,0
02bf5769cd,0
02c855d861,0
02ca2716e6,1
02d0390bd0,0
02d1f3d56f,0
02d865d8fa,0
02db1a1dee,0
02dbcd5a78,0
02dc662ba7,1
02dd6033af,0
02dfb85500,0
02e2302fcf,1
02e82ae8e6,0
02e8dac683,0
02ea938602,1
02f3078aa7,1
02f6db8a45,1
02f9b448f0,1
02fa132384,0
02ff17c5f6,0
02ff4ca918,0
02ffc0193c,1
030335932f,0
030ce4a012,1
0310d4ba2e,0
03110d969c,0
0316c6d284,1
031873386a,0
0319003709,1
03194e6c89,1
031bae461f,1
031ef78675,1
03260ca0db,1
03267f8560,1
0329712f61,0
03326c24a9,1
03353334b6,1
0336180469,1
034161359c,1
03451197c0,0
0348e17cb9,1
0349c9e97c,1
034a499e23,1
034a63d241,0
034daf33b0,1
0352e906c8,1
035b2030bc,0
035bfb20bc,1
035ce35234,1
03685e539f,1
036b71825e,1
036d088edf,0
036fe8e58d,1
036ff0e9cf,0
036ffb64cd,1
037046426c,1
037e653864,0
0381b88316,0
038aa4a360,0
038b5e4274,1
038cb5f2ba,1
0391b2ca52,0
0393301e64,0
0397f69ef1,0
0399fd90b7,0
039ac8bcb1,0
039d9ef3cd,0
03a1ee70e9,1
03a5e44984,0
03aa0dd72a,1
03aac5d9c3,0
03ad4243a5,0
03ae658e3d,1
03b2ff4855,0
03b6ac48a5,0
03c89368df,0
03c9ddc898,1
03ce27a5f0,1
03ce9de5a7,0
03d7f400f8,1
03d8b1a2db,1
03d996871b,1
03da7471dc,1
03e7c9e1ed,1
03e7d1bc84,1
03e86223a6,1
03ea715513,1
03ea82e389,0
03eb20f18a,0
03eb72f8f4,1
03ebdad746,0
03ed292094,0
03f2567ea1,0
03f2e686e7,1
03f5f392b4,1
03f77e14d9,1
0400adbe11,1
04032934c7,1
0403433912,0
0403bda1aa,0
040747a9d6,0
040ab27c54,0
040c08f0d2,1
040c166eef,0
041150127d,1
0415baf6e1,0
0416119888,1
041820d8a0,0
041e7e961b,0
04232b351e,1
0426c18722,0
04274fe33e,0
04277b99ba,1
042808a175,1
04285b6477,0
0429628086,1
042c42a5d8,1
042daa6084,1
0431237251,0
0438bd64b9,1
04392e8fb0,0
04396a6a67,0
043ba4b981,0
043f30f534,0
04452b12e6,1
04452b383b,0
04499962cc,1
044f497c91,0
045318c088,0
0455891cf6,1
0455b4e1a3,0
04596576a2,0
0460f4593b,1
04628d47e4,1
04662dc972,1
04668e11a7,0
0469ceb754,0
046ca06049,1
047965ae69,1
047cd99e4f,1
048015f54d,1
04850df930,1
0485b7ca43,0
04940282da,1
04942f3753,0
0494c002f5,1
04955cc753,0
04965a752e,0
04971dbeb8,0
049886fb09,0
049b92a890,0
049ba40117,1
04a136d8da,0
04a499a564,0
04a6422ea0,0
04a657d2de,0
04b13cbc2d,1
04b3273487,0
04b3f80056,1
04b733af0c,1
04b86050d6,1
04bcc7ec9c,1
04bda1d756,0
04c2db713f,0
04cacd186e,0
04cadc3e54,1
04cb80922e,1
04d01697cd,0
04d4485087,0
04ddc2a54e,0
04e65e4fcf,0
04ead0c831,1
04eb7270b7,0
04f1a4cbbc,1
04f2fa29a1,1
04f567fb91,0
04f8ce2e70,1
04fa28269c,0
04fb186e19,0
04fc21a69e,1
05000996fa,0
0502e6ad74,0
0503c9e629,0
05089b48ef,0
050a4fa601,1
0512a9f79e,1
051631894d,1
051721f189,1
05176365b8,1
0519d57061,0
051da79fa8,1
05215cf286,0
0521b8e8ff,1
052600edb5,1
05295935f7,1
052d5801dc,0
053781c2f9,1
05380020c4,0
053a66346e,1
053c042227,0
053cfa4ccf,0
05424dc962,1
0546c6f8eb,0
054e959e70,0
0550a32da5,0
0551b51dc2,0
0555891f6a,0
055cf27602,0
055d253a30,1
055ff3a8fc,1
0560494953,1
05639f3eec,0
0564639806,0
0568d1cee3,1
056f91b8ff,1
0571201f73,1
05737da2e1,0
0575a2595c,1
0576abc3dd,1
0576cfeb80,1
05770c442c,1
057a1b2471,0
057a42f9dc,0
057f46bcc8,0
05805762ee,0
0580d00d4b,1
0581edcd17,1
05824387da,0
05829b3656,1
05895e33b4,1
0591f7c2a0,1
0593707cfa,1
059546f131,1
059cd24e74,0
059d7d7f4e,1
05a424f3b8,1
05a4bf2c69,0
05a52c58a3,0
05a87ea1bc,1
05b59ec41a,0
05b7664642,0
05b7cf5b2d,1
05be8e3362,1
05c1e69592,0
05c66744a0,0
05ca228516,1
05ce3b6d13,0
05d16a35da,1
05d2f23186,1
05d852d0c6,0
05e59f54f2,1
05eb394837,0
05ed3cd7aa,0
05ef6be925,0
05efe1a62d,0
05f286d5f8,1
05fcaf396d,0
05fdbb2262,0
06014dcf98,0
0602364a24,0
0606fba025,0
06079fa34e,1
060f1b3ed4,1
060f3bf330,0
06198e7b3c,1
061a2d5929,1
0624196bce,0
062c9cb873,0
062d83da2e,0
062ef051b3,1
062fac12d6,0
0631194c90,1
0634dee6b6,0
063638fcd6,1
063764a8e4,0
0637b3abf1,0
063fb38fa0,1
0642338d1a,0
0643cbeda0,1
064c523b40,0
0652702bcb,1
06563d365b,0
06575eed31,0
065c98bd9c,1
065dbafbd6,1
065e370342,0
065f36808a,1
066062b326,1
066635381f,0
0666e547c9,1
0669cd1d67,1
066a01da8d,1
066bd605b8,1
066c456e19,0
066e833812,1
067165c7d9,0
0672d0ec4e,1
06747306e7,0
0674cadaec,1
06765e7e83,0
06778db169,1
067bb0575b,0
067cae7b7b,1
0681f24aef,0
06835681a0,0
0698786176,0
069cc64feb,1
069da20c06,1
069ef3af58,0
06a1a47e1d,0
06a62a5a81,0
06a79eaa6c,0
06a9be7055,1
06b41bd7d7,1
06b8f44cdc,0
06c7f1b87b,1
06d9f3e79b,1
06da95b580,1
06e14e31ed,1
06e57e48fc,1
06e8c0cd34,0
06e987318e,1
06e9bdf1a0,1
06ecc0eb22,0
06ece82af0,1
06ef10e44c,0
06f99c89ad,1
06ff171b1b,1
070244e7b7,0
070568f284,1
070b28a2ae,1
0710d8376d,1
0714a81612,1
07151d3622,0
071b773cf0,1
071b9dc2c4,0
071e9c8a30,0
07220c4433,1
0724d1b994,0
0728ab3f4c,1
072d116912,0
073900f33c,1
0739505972,0
073d2c7efc,0
0742845924,0
074d668fed,1
074e586534,1
07524605e3,0
0752d84df6,0
0752e13f7d,1
075f038ece,1
0766eb400c,1
076971fdf1,0
07707b3715,0
078603651f,0
0787c612af,1
0789b0366b,0
078bdf96d7,0
078c965391,1
079141b999,1
07948ac8b3,1
0798d00ea7,1
07993657f4,1
079f2d7f4c,0
07a2362f79,0
07a94d5b0e,1
07aa08c4da,0
07ae85584f,0
07afecc117,1
07b50304ed,1
07bc0d0082,0
07bf827ab9,0
07c1411443,0
07c6bcedad,1
07c7e7ccd9,0
07c7fad7e4,1
07cb785ba6,1
07d2d5a735,1
07d9089c87,0
07daaa2481,0
07e53d0191,0
07e6bc59ff,1
07e7380392,0
07e8ae185f,0
07eace3980,0
07edbed89f,0
07f23e34dc,0
07f44f2dd6,1
07f54a71e8,1
080356139e,0
08092224b8,1
080d8fd651,0
081230b0f7,1
0812f790aa,0
081cef62d8,0
081d4a7eb6,0
081dcb8357,0
082091023e,1
082485137c,1
0825b6a162,0
0826aac96c,1
082ca5f62c,0
083095d653,0
0831b41445,1
08321581c4,1
0833601859,0
0833c35f77,1
0836a63440,1
0838d9e072,0
083c461549,1
083d668bfb,0
0840240ace,0
0840aca6e1,0
0841ac244d,0
0850e04a4e,0
0850e5358c,1
0855af0b33,0
0858057637,0
08590a8c1e,0
085af858be,1
085dd42e5c,0
085e9d7915,0
085f36c741,0
085fae4a73,0
0860f2a2d6,0
0862a448b1,0
0863e00314,1
0863ea3cc5,1
08698a347e,0
0874a64f9c,0
087565fb44,0
0876684aad,0
087d6eecdb,0
08802c955f,0
08805b1f01,0
088205f005,0
088503cf91,1
0885ce9816,1
088679f88e,0
088684d0fc,0
088abe2ff6,0
088c05d364,0
0899af4ef0,1
089beee799,1
089c5b93dd,0
08a5a7be42,0
08a700c2f4,0
08a85ed82c,1
08a9d448a4,0
08af180eb8,0
08afe5040a,0
08b0f5afbd,1
08b1fd9de7,1
08b769ff02,1
08b82ae98b,1
08bf3bab96,0
08c019e60e,0
08c0a65125,1
08c75ca247,0
08c872af14,1
08d1d64888,1
08d534c273,0
08d669cebe,0
08d66e0072,1
08d85ed50a,1
08dc5181dc,1
08ddf87e90,1
08e18337c0,0
08e1bbf657,0
08e510b381,1
08e9343181,0
08ea058459,1
08f35f78c1,0
08f98a87fb,1
08f9b635f6,1
08fa181db8,1
08ffe3a4de,0
09017d7c7d,0
0901b6b7b7,1
09062e50cc,1
0907b8bef7,1
0907ca25ad,0
09087ecddc,1
090c64bcbf,1
090d533638,1
091252fb90,0
0915cf2f54,1
091729ccb7,1
091c715d78,1
0924d405a8,0
09260f3067,1
0927c9718d,0
0928ac67e3,1
09328e422d,0
09360141ce,0
09405ab8ae,1
0945eda768,1
094adfbf32,0
094b26ff5d,0
094c064494,0
094cf61a11,0
095475297d,0
0954d8e42b,0
0959e1acf3,0
0968edede1,1
096b10e6ca,0
096b277ca1,1
096d4c5c7c,0
096e8c12c1,0
09749de203,1
09752673a4,1
097f87e9f7,1
09802da861,1
0981052239,0
09869134b0,0
0986a163e4,1
0989958fcd,0
098abc0ddf,1
098c6fd1e3,1
098e1c7a64,0
0990f56fe8,0
0992f05c7d,1
0994de70ab,1
09952195a1,0
099eb05246,0
099fc6edd9,0
09a4fb840a,1
09a65c140e,1
09abf7a289,0
09ac7076ae,1
09ad0f1a40,0
09afb0150f,0
09b08d0844,1
09b159becd,0
09b25ccb2a,0
09b56fdb08,0
09b93a949a,0
09bf866c89,1
09c0cb73a7,0
09c509a2c5,1
09c8626350,1
09c9bee928,1
09ccfc2286,1
09d0c90f45,0
09d6e177dd,0
09d74e5dfe,1
09db3d9b3a,0
09dbba7405,1
09defbb25d,1
09e3beed00,1
09e4a0f03a,0
09e586ac97,0
09eff22a34,0
09f4c0d35c,1
09f7747386,0
09f93ac7cb,0
0a02db643b,1
0a075ec139,0
0a08e7e047,0
0a09277626,1
0a0ab58178,1
0a0b146841,1
0a0cfb53fb,0
0a113d00ed,1
0a1313b27a,1
0a26f5241d,0
0a2d66090e,0
0a2f5099e5,1
0a30aa3c36,1
0a30ea0ebe,0
0a3b188787,0
0a4263000f,1
0a42a6f87d,0
0a4880dfd8,0
0a4a3199ff,1
0a4dd91278,1
0a4f87fd7f,1
0a60bd0523,0
0a63ed3ff6,0
0a6743535f,1
0a674d1e11,1
0a68ef157a,0
0a6e6e30ba,1
0a757b9d06,0
0a7bb9095d,0
0a85fb08dc,1
0a8ba39f5a,0
0a9282f807,1
0a928e7cb1,1
0a92eae9cc,0
0a9775c0eb,0
0a98eb03f4,1
0aa21606ff,0
0aa36e897f,0
0aa7db75f6,1
0aa87a4bbf,1
0aa893aaed,0
0aa9cc60e6,1
0aadb3088e,0
0ab499aa50,0
0ab9a81c47,0
0ab9c69149,0
0ac005c50f,1
0ac38753ff,1
0ac458bb79,1
0ac914a583,0
0aca801d21,0
0ace1f16b8,0
0ad13d1168,0
0ad9a4846c,1
0ada714420,0
0addf855e3,1
0ae14b4d75,1
0ae3b82186,0
0ae5ba09dc,1
0af007814f,0
0af02e8d1b,1
0af47a33d7,0
0af5160996,0
0af57654ea,1
0af6de3fcf,1
0af73d76a7,0
0af85dfc42,1
0af90411ec,1
0af94c52be,1
0afbf4af15,0
0afe01b182,1
0afe99cf57,0
0b001376f9,0
0b050a39e7,0
0b0548062c,0
0b0763458e,0
0b08639a11,0
0b0d4b016a,0
0b10249a42,1
0b173fc996,0
0b19d40bd7,1
0b1b04ea93,1
0b1d2ed2d9,1
0b1ea1cee4,1
0b2233d424,1
0b24ac2cb1,0
0b27703180,1
0b28679856,1
0b29282706,0
0b2b48ea71,1
0b2cc91229,1
0b2ef1e057,1
0b36bb30e9,1
0b36f25435,1
0b4540069f,0
0b4f957cf6,0
0b51e611fe,1
0b5261bef8,1
0b55f14ad3,1
0b56a025a1,1
0b5b88e939,0
0b5dab52f4,0
0b5f2724c6,1
0b62dcaaa5,0
0b64f60e7f,1
0b669a5e9a,0
0b69dde91f,0
0b6bbe21e6,0
0b71a320cd,1
0b75d90c44,0
0b79579b9c,0
0b798e2603,1
0b7997ed3c,1
0b7c6b8bfb,0
0b86a26e71,0
0b8a14c947,0
0b8e37383e,0
0b8f1ca6f3,0
0b91131902,1
0b95495a5d,1
0b9603809a,1
0b96d18b3b,1
0b9d277ec4,0
0b9f21894c,0
0ba00661a7,1
0ba6243135,0
0ba9a5bbd2,0
0baaff8044,0
0bb450bc87,0
0bb47dced6,0
0bba357854,0
0bbf0d121f,0
0bc6f92429,1
0bca1068c3,0
0bcf428994,1
0bd2c7d571,1
0bd424a341,0
0bd4cc8ade,1
0bd80cf973,1
0bdf3f65fb,0
0bdf59f00e,1
0be01b2a19,1
0be0b0a932,0
0be0bb132e,1
0be2440186,0
0be420484e,1
0be7d9c729,0
0be81fbdce,0
0beb409c2b,1
0bed2821c5,1
0bed33e8b2,0
0bed62971a,1
0bf540069f,1
0bf7bb0737,1
0bf8139fc3,1
0bf9457c2c,0
0bfb0fe4f4,0
0bfbb0d524,0
0bfc98e9ed,0
0bfd72ceb2,1
0bfeed317b,1
0c02626177,0
0c032a84fd,0
0c05789b2d,0
0c0706b920,0
0c078bd7b3,0
0c07e55237,0
0c0a638f71,0
0c0b4b3d21,0
0c0c91a125,0
0c109ba42e,0
0c13ed685d,1
0c161d59e1,0
0c164c2893,1
0c17901708,1
0c1793b8f7,0
0c1e928421,1
0c2743869e,1
0c299e187c,0
0c2c2e8e73,0
0c2c39cf9f,0
0c2e0fec7f,0
0c2e3fa2c6,1
0c345f4b56,0
0c38b99eca,0
0c3eb06acc,0
0c3feb0745,0
0c42201f8b,0
0c4643a389,0
0c49c16206,1
0c4a36450e,1
0c4c229cae,0
0c4c36f6de,0
0c4cbb5b20,0
0c4ee2d666,1
0c4f01dea4,1
0c51a88ad7,0
0c52a71a29,0
0c550bb7b0,0
0c55acde91,0
0c5cd0c945,0
0c5f19d9c9,0
0c5fe70d32,1
0c600f0472,1
0c62cb601b,1
0c6313abd5,1
0c69854514,1
0c6a145aa9,1
0c764fe0be,1
0c78fec949,0
0c81315628,1
0c83e65c10,0
0c87377d19,1
0c8802e458,0
0c889e81d3,1
0c89108963,1
0c8996d570,1
0c8da7bf3b,1
0c8f50d040,0
0c94eaefc8,1
0c96701a3b,0
0c9ab9effb,0
0c9d17c004,1
0ca0a5af7a,1
0cb0a200b5,1
0cb2a56e2a,1
0cba3bff0d,1
0cbab8694d,1
0cbc9bc4da,0
0cbd24ce0d,0
0cbd6433e1,1
0cc4538d94,0
0cca5b3567,1
0ccc9f0111,0
0ccd844107,0
0ccdc6ab5a,1
0ccf3223a4,1
0cd10c1798,0
0cd1ee5139,1
0cd65c56bd,1
0cdd6c19b6,1
0ce0b1fbcc,0
0ce38a909c,0
0ce49fbb5f,1
0ce54e2b2e,1
0ce5c66372,0
0ce61a3353,0
0ce8fc9fc9,1
0ce90209fd,1
0cec62c64b,1
0cef49c671,0
0cf330c422,1
0cf7d35d6e,1
0cf99d78b7,1
0d044ae467,0
0d0563fa28,0
0d07300d0b,0
0d0cb54ae5,0
0d138d521c,0
0d18dcdc4c,1
0d1a901414,0
0d1b4b1631,1
0d207d8b34,0
0d2252aa3c,0
0d2719361b,1
0d2837e5f9,0
0d2e15fc6b,0
0d3033f39f,1
0d33f70370,1
0d3b5408d7,0
0d4971745f,1
0d4be354a8,0
0d4d702116,0
0d529bd9e8,0
0d54795d99,1
0d5585ee00,1
0d59d8fe01,0
0d5b4b2c39,0
0d61378d8b,1
0d6f9d0535,0
0d72716142,1
0d74558ae8,0
0d76a00345,1
0d78ae703e,0
0d7b6f4d1e,1
0d7c464685,1
0d7d22052f,0
0d7dec1bdf,0
0d801ac72c,1
0d86a46007,0
0d886a7f30,1
0d888b5533,0
0d8d097986,0
0d8f7d3658,0
0d97404eb2,0
0d980c1037,0
0da26ad5d3,1
0da80db7ff,0
0dab59e726,0
0dac2a5cc7,0
0dad4c89f1,1
0dae2891b9,1
0db19b336e,1
0db1f81f14,0
0db6025615,1
0db80426c2,0
0dbc73dd3b,1
0dbd805777,0
0dbf9cda9e,1
0dc24f33e6,1
0dc3f2a8e4,0
0dc560e26b,0
0dca59bd61,1
0dca6a5658,1
0dcaa5f5b0,0
0dcb86909a,1
0dcdff06cf,0
0dd6e019e5,1
0dd850e054,1
0dda8da1c4,1
0de45b8d3f,0
0de984602e,0
0de9ea0b2d,1
0dee31a208,0
0dee8d3ca1,1
0def1db990,1
0defebcb61,0
0df32e50bc,1
0df385cfd8,0
0df6675171,0
0dfb9efc49,0
0dfdf5b728,1
0dfef7628d,1
0dff023370,1
0e02243b92,1
0e0304e440,1
0e04d86849,0
0e07a19606,1
0e08bb53c3,0
0e0cada127,1
0e0fd1a048,0
0e11823205,1
0e125b76ed,1
0e12a887e0,0
0e13020c78,1
0e14837715,0
0e1737b094,1
0e1b1e1738,1
0e20c0f65a,1
0e230c0317,1
0e2369c974,0
0e23db6d2a,0
0e281fa719,1
0e284dad67,0
0e2af4efef,1
0e2bc2de05,1
0e2d2662a9,0
0e2e5bc6e1,0
0e2fa6309a,1
0e3136d6c1,1
0e33bcb2c4,0
0e3611c6b8,1
0e372bf42f,0
0e387940f2,1
0e39be41c9,1
0e3ad2756e,1
0e3bd34b1f,1
0e40397ef8,0
0e43bce65a,1
0e45686ad9,0
0e48173288,0
0e54118393,0
0e5539329d,1
0e575cde51,1
0e5ec2c4f9,1
0e63dcebfe,1
0e67346d3c,1
0e6a7c3d9b,1
0e6eff9105,1
0e73857739,1
0e74300d9f,0
0e75033d17,0
0e76ab4004,0
0e78694c6a,0
0e7a1fa941,1
0e7d89d7a3,1
0e81a8ca33,1
0e849cafc7,1
0e864412db,0
0e8a59bfcb,1
0e914b8c2a,0
0e91a3889d,0
0e9289eb66,0
0e943d19f3,1
0e95285416,1
0e95d521dd,1
0e97634106,1
0e97eef602,0
0e9950344e,1
0ea2d15598,1
0ea47d74d3,1
0ea8264cb1,1
0eaa535297,1
0eb3447065,0
0eb5b30301,1
0eb69750cf,1
0eb7b08f1a,0
0eb9bef29b,1
0ebc13ab2a,0
0ebc73be0a,0
0ebf797f55,1
0ec1ac70da,1
0ec3208919,1
0ec333f8cb,0
0ec40c1574,0
0ec464d0ec,0
0ec523c718,0
0ec5f76459,1
0ec97eb7b0,1
0ed0e9094e,0
0ed322a4f6,0
0ed921cca4,0
0eda774d4d,0
0edc5cd9ab,1
0ede542c22,0
0ee33e4939,1
0ee6e40ec1,1
0eeae4bc11,0
0eedb9a41b,1
0efb1ebc5e,0
0efb9b6a99,0
0efbf3f620,0
0efc1279b1,0
0efc968227,0
0efcc048ac,0
0efd45cf4a,1
0efee67946,0
0f008a2e9e,1
0f0557a9ec,0
0f0612fe64,1
0f112a86b4,1
0f12fd30d9,0
0f1d965f30,0
0f1ebef9d0,1
0f20ff6159,1
0f21b3bcda,0
0f224ea479,0
0f2802b564,0
0f2b7da8f3,1
0f2c5f81ca,0
0f2e95c488,0
0f2f5db6b7,0
0f2fc06288,0
0f31291ddb,1
0f325626c1,1
0f3a699c35,0
0f41ea466a,0
0f42e7134f,0
0f47d5cb9e,0
0f48a2c9fa,1
0f4bd2448c,1
0f4e13ff32,1
0f5659bea9,0
0f6da49d61,0
0f6fc57a9c,0
0f7140c74b,1
0f7163b478,0
0f724ecff0,0
0f78f46c99,1
0f7a4b8e38,1
0f7c0fc1bd,0
0f7e2efe49,0
0f80918b85,0
0f80e5087b,1
0f83ae5bee,0
0f85106230,1
0f866f7582,1
0f87146f28,1
0f8aabefbb,0
0f8d425e24,1
0f8de0d8ac,1
0f8e543725,0
0f92d4098b,1
0f968fdaa2,1
0f971a8adf,1
0f979807ce,0
0f979eb32f,0
0fa08e27e5,0
0fa36f4e6f,1
0fa43ff2bf,0
0fa4a94b33,1
0fa73b12f2,0
0fa85cafe1,1
0fb40e3ea1,1
0fb4844c40,1
0fb8450b85,1
0fbd78127e,1
0fc21c80e6,0
0fc2ff0366,1
0fc49f9b9c,1
0fc4acbe9b,1
0fca0270a3,1
0fca3a0ead,1
0fcb328f7f,1
0fcc8de542,0
0fd10b4135,1
0fd2fa17ef,1
0fdbc45da0,1
0fde30b2db,1
0fe3fa1f11,1
0fe4b8d652,1
0fea41090e,1
0fecfb5988,0
0ff07b5534,1
0ff1aee8e6,0
0ff2553e9c,1
0ff2666dad,0
0ff4ba422a,1
0ff57c8a26,1
0ff746c01e,0
0ff9e714a6,0
0ffc208548,1
0fffa7dff1,1
10051ad80f,1
100cf6f063,1
100ed4d2eb,1
1010501c8a,1
10160442ee,1
10171ba16c,0
101c06e8ca,1
101efbf176,1
101f6bab18,1
1020fb7bdd,0
1022311545,1
1026358d24,1
103034fda4,0
1030388d2d,1
10348b56a5,0
1037249157,1
10396894a5,0
103aefdbcb,0
103d979aff,1
103e0c7ebe,0
103fbbfcc1,1
104229a67f,0
104294c3b2,1
105873a4d2,0
105919a8b8,1
10593fa8b4,1
105c4d2e37,1
105f29b045,0
1064726ac1,0
1064dc5a38,0
1065308bb1,0
10674e6d97,0
106911c4ea,1
1070569454,1
107576ef3a,1
1078930d39,0
107933f8c9,1
107f517ebb,0
1080695902,0
1086b75e50,0
1087faf63a,0
1088fd645f,1
10906b0fe9,1
109385aacc,0
10953f6121,0
109542dd97,0
109ccc0f35,1
10a1573961,0
10a1f2361c,1
10a2100860,0
10a3f0e06c,1
10a7a4ce7b,1
10a7c72902,0
10abbaa346,1
10aef08f02,1
10af0c56b5,1
10b0049e17,0
10b1009adb,0
10b73d25b3,0
10b97b4d34,1
10bcc28aa1,1
10be242c46,1
10c13053cf,1
10c1c26818,0
10c4d017c3,0
10c4de1625,1
10c5df7feb,1
10c96d2cdd,1
10cd25740a,0
10cd8e0fe5,0
10cf97b776,1
10d0dfb04b,0
10d13bdde4,0
10dbc09fbf,1
10e0699d6e,0
10e56be7a5,0
10ebfef975,1
10ee06d86f,1
10f14887db,0
10f180ce1a,0
10f40b5a0a,1
10f6633d8e,0
10f97c313e,0
10fde12b73,1
10fe316952,0
1103fcc3ec,1
110a896f66,1
110faba12a,1
111b229b6a,1
111bd1d0a6,0
111c95280e,0
1123fdf8b2,0
1124fd6325,1
1126c86c7a,0
112b0c8574,0
112d0a258a,0
112e797051,0
112e7a055b,1
11325346a0,0
1132bb6276,0
113329bb90,0
1137cfebf3,1
1138486905,1
113b98f19e,0
114c19f527,0
114dd8911e,0
1153f2f6aa,0
115d34de71,0
1164a6cf4e,0
11667d0904,1
1167a621e8,1
11689891dd,1
116939e601,1
1169664af7,1
116cd2896f,0
116d0cda5c,1
116e0621f9,1
116e54e501,1
117030f27b,1
1174dee72e,0
117870b755,0
118388efc3,0
11848403b9,0
1187e4f830,1
1188bdb128,0
118ad507d6,0
118c9db936,0
118e11b578,1
118f626dcf,1
1190c30e3c,1
11938f4c1a,1
1197612659,1
1197b12c2f,1
1198a74510,0
119c3f910b,0
119e73254a,0
119f7dac97,1
11a1c960f3,1
11a45f4018,1
11a48fced4,1
11a52aa790,0
11a88a1566,0
11aa293dd2,1
11aa4e10a4,0
11afd8e3cc,0
11b270ac32,1
11b99b1391,1
11bbb3ec4b,1
11bf9e13d0,0
11c2858560,1
11c3f4aa93,0
11c41ae2bd,1
11cd1459be,0
11d05252e6,0
11d3d7cb60,1
11d949cb30,1
11d9d6a64a,1
11dae07c02,0
11db48ce40,0
11ddf9d26e,1
11decbafed,1
11e26ba131,1
11e6046634,1
11ef56a4d8,1
11f0184ee2,0
11f0ecc552,1
11f1c30c9f,1
11f7a39338,1
11f85eeb69,0
11fa022668,1
11fadb2ebe,0
11fc93806d,1
11ff0d5a54,1
1201ef00a1,0
120226e0b6,0
1211f0d679,1
1212761b2c,1
121531ff56,0
12167dd953,0
1216930e12,1
1216c2244f,1
121b574ccd,0
121d815e43,1
121ee221ac,0
12223ac734,0
12235f9e1a,1
1227e82bdd,0
1228a7a818,0
122c32a870,1
12321fbdcb,1
12331f1ea4,0
12378f60ad,1
123bd1f326,1
12401d5ccd,1
12420d7e5e,0
1242d9f51d,1
1244386f8e,1
12458ccb51,1
124760b0e0,1
124a11af33,1
124d20f1bf,0
1252edd491,0
1252f36957,0
12531025ac,1
1255afb2db,0
1256e1eda5,1
125cfc1c6c,1
1260573364,0
126b604878,0
12716d51be,0
12738bbe6e,1
1276e48fbf,1
1277ba50ae,1
12781cf458,1
12792a291c,0
127964ee3d,1
127c0a2269,0
127f9752c7,0
12809ecfc4,1
1280da9745,0
1287175aa4,1
12912b52e6,1
1298c04141,1
129cba1186,0
129d1e5255,0
12a055218e,1
12a3a7353a,0
12a7718c9d,0
12a8cd570e,1
12a991e0e5,1
12ab2a9ef5,0
12ab7140ab,0
12ac3c4660,0
12b0de48b8,0
12b2811df9,1
12b586069b,0
12b7852225,0
12b83cb00a,1
12b866a6ee,1
12b963e16a,1
12c8b385a3,0
12cd34fd46,1
12cebf973a,1
12d1d53336,0
12d37bce0e,0
12d4910c9b,0
12dce2b168,1
12de02fee7,1
12e0c3d1b2,1
12e41b143d,1
12e45c940b,0
12e711ae69,0
12e775c545,1
12ecb2c2d6,1
12ecdbec12,0
12efb71b8c,0
12f20d33a6,1
12f2598443,0
12fb46d2b8,1
12fccfe83f,0
12fea96919,0
12fee23fad,1
12feef4c24,1
130009f4e9,1
1309275ba6,0
1309cc7780,1
130c86ba3d,0
1314b46a9b,0
1315bc026e,1
131d80d1a2,0
131eab6156,0
1321961202,1
13229e543a,1
1323cfe551,1
1323ddc627,1
13240d4e37,1
1324a0c7b4,0
13268bffc7,0
1333f54414,0
1334ce8652,0
13394bec3f,1
1339af0160,0
133bcb2c7b,0
1347c6dd87,0
13488e3ae7,0
134a6f2be7,1
135157c23a,0
13557f892f,0
1357bc66ea,1
135e82e689,0
136069ab35,1
1361adf241,1
136309ea33,0
1365109c14,1
136c77fd0a,0
13707876c8,0
13775919ce,0
137912223d,1
137bb699b7,1
137d5b30bf,1
1382e0f7d2,0
1385d6c52d,0
13884f2b5b,1
138b11f518,1
138c2f4012,0
138ce824ad,1
138f2a41b3,0
1398d78cdf,1
139c6a7697,1
139f2569fd,1
13a2a50411,1
13a5a6781a,0
13a703da1b,1
13a7349866,0
13abcd0910,1
13ac95009e,1
13aca02cdd,0
13b0bc4a3f,0
13b162b8bd,1
13b382f280,0
13b87e599e,0
13b8cb57f6,0
13bf702293,0
13c001e941,0
13c02152ac,0
13c1d0dde3,0
13c412f456,1
13ca7792b0,1
13da453014,1
13dc9cb8d5,1
13ded5304b,1
13e4be6d0d,1
13e62c40cc,1
13ed74e717,1
13ef82460a,0
13f6f046d5,0
13f7517d8d,0
13f82bd16b,0
13fd2e49a5,1
13ff152a32,1
1401b2d747,0
1404ed5ead,0
140cef898b,1
140d0adbeb,1
1412951742,0
1415825582,1
1416571b7c,1
141657eacf,1
1416e9ae9a,1
1417563eed,1
141dc50c38,1
14216098d2,1
14255d5d45,1
1425bca278,1
1428d0f199,1
142d9ea06d,1
14387e7262,0
143b2a7164,0
143b624e80,0
143d7d3ba4,1
143f137abe,0
1441077576,1
14414c6794,0
144367ec37,0
14473cfc81,0
14522703b9,1
1453132059,0
1454790857,0
1455281aad,1
1455a8a783,0
1458181d98,0
145a74e852,0
1461705966,1
1461dbec67,0
14620a2df6,0
146239496f,1
1464691197,0
1466935d4c,1
14695cf8d4,1
146b4d5810,0
146d715a2e,0
1473ebd9b9,0
147532634b,1
147ddb61ea,0
1487462a94,0
1497945407,0
1497f68818,0
149809c83e,1
1499ef6873,1
149a4a9fa7,1
149a7d0735,1
14abcb76e5,0
14af40c5a4,1
14b073e9a1,1
14b5d7ade6,1
14c007d475,1
14c21e8ff1,1
14c591c427,0
14c724eac5,0
14c8023fc6,1
14cc796588,1
14cd007f1d,0
14cd2266e7,1
14cfa18d1c,1
14d1671bdd,0
14d18064bb,1
14d5055a97,0
14dfd095ef,1
14e5152560,1
14e802ba7a,1
14e8512f15,1
14eb948e35,1
14ecd7a911,1
14f28a8969,1
14f4803173,1
14f7742db6,1
14f9210d4c,1
14fddde65c,1
14fe11489f,1
15051f0c26,1
150553cceb,0
150f7bcbce,0
15110b943e,1
1512a920bb,1
151515f1ed,1
151661ba4d,0
151b1c4ff0,1
151e321a21,0
151f16d4c6,1
152aa5319e,0
152c4e7616,1
152defc7cd,1
1531a410e0,1
1531e44642,1
153791fd97,0
153a3ad339,1
153b57e43a,1
153d65d9fd,0
15425897c9,1
1549c1037d,0
154c80290c,0
1553dd8a43,1
1554871955,1
15552bb049,1
155a6bc526,1
1562ae3f1f,0
1569f543e8,1
156dcb8e45,1
156e560856,0
1570aa4a7a,0
1571cb2749,1
15809bcf26,1
1586ed7429,0
158d549f64,0
159350df54,0
1594d6592b,1
159569dc4d,1
1599cd31a4,0
15a4a6026b,0
15a4bddb1e,1
15af0bfd37,1
15af9e6696,1
15b9ac9325,1
15ba23f1ba,0
15c298d567,1
15c5c13802,1
15c8933842,0
15c8a8b295,0
15ca5a9e2d,1
15ce70e358,0
15d05657f7,0
15d2db810a,0
15d8c93745,0
15db2e3495,1
15db555a06,1
15e0da434e,0
15e1bdadc9,1
15e2326446,1
15e5d6d61c,1
15e6cb471f,1
15e7ae1a37,0
15e82abf5e,1
15ea3b1b9d,0
15ed1d1de9,1
15ed55b0c1,1
15f1e7aeeb,1
15f92758db,0
1603e23621,0
160821e61d,0
160b951459,0
160dcc61d3,1
160f847a3f,0
1611dcb3ad,0
1611e04b7b,0
1612e1f2e1,1
161420cf66,1
1615f3bc45,1
1617b55054,0
1619aac41c,1
161bd4e5e5,0
161ec21e8e,1
1620afe9f3,1
1625d2c4a7,0
16265d9dcf,0
1626f6572e,0
162ddf58cf,1
16325e421a,0
163682f1e6,1
163a485de2,1
163a61179a,0
163e59799d,1
1640754941,0
16408381ae,1
1641362a17,1
1644dbccf7,0
164d787af6,1
164e8c0abf,1
164f48ce69,0
164f78e0cf,1
1652c06829,0
16533c9c7d,1
165813903e,1
165c5a8b76,1
1669678cfa,1
1679e1c7e2,0
167aed6fd4,0
167b4f0f2d,0
168a864a1a,1
168b4d862a,0
168f4e4e6a,1
169b8975df,0
169c5fc039,1
169ecc1b7d,0
16af8e1733,1
16bbf24906,0
16be8c2b45,0
16c21f2bc7,0
16c529d338,1
16c7a6749a,0
16cba41cf2,1
16cc70982c,0
16ce5b113f,0
16d7c73c06,0
16d981455e,1
16df3399c1,1
16df4508d8,0
16e31b55dd,0
16e38686d6,1
16e9f5ce68,0
16ef35f91b,0
16f174b466,0
16f1c8a727,1
16f1cdabbb,1
16f84a85a0,1
16fd31bb55,1
17076c6c71,0
1709442007,1
170a2b9460,0
170a8089aa,1
170cd9cc5d,1
17181c76ca,1
171b654a01,1
171c394b25,0
171c6d93ab,0
171f7179a1,1
1720a456d5,1
172107dae1,1
17242b0e6c,1
17244db93c,0
1724e38699,0
172bf63082,1
173691c676,0
17374f3c53,0
17381831e0,1
173c9e5b12,1
173cb60fca,1
173d93cd6a,1
17408b8b36,0
1743204824,0
174719681b,1
174a85bf0c,1
174b757489,1
1750622f0d,0
175247300b,0
175aef581f,0
175e968410,1
175eb48b39,1
175ede0680,0
175fee93e4,0
176051006c,0
176505bac6,0
176640f9ce,1
176815684f,0
17691d9768,1
176caf5564,1
176f36b0c8,1
1773d2a798,1
1776618617,1
1777292931,0
1777c4a442,1
177a5d004c,1
177cd406d5,0
177db7d987,0
1783f5bc9c,0
178552c771,1
178667fa2e,1
1789fe05aa,0
178c90a86e,0
178ff30509,1
17921b6111,1
17930fe1de,0
17937a10f7,0
17944ea181,1
17983d30f1,0
179b76f8dc,1
179cc982aa,0
179e8c8cff,1
17a6e12643,0
17b0dc5632,0
17b4ee4f5a,0
17bebf0d24,1
17c04db65f,0
17c51c2e82,0
17c8b93332,1
17c8e615a4,0
17ccf2c594,1
17d3d13e87,0
17d65ae11b,0
17d674993a,1
17d80f88cb,0
17d85390a6,1
17d8a9b285,1
17d94821f8,1
17da175578,1
17db66c3c1,0
17de3f111f,1
17de5017d4,1
17de9c4b5f,1
17e9736148,0
17f1299182,0
17f1cb15e6,1
17f366eb97,1
17fa1b48ac,1
18094b5810,0
180d40cf6d,0
180f63eccd,0
1810110e09,1
181200afa9,0
1814ba5c8f,0
18180927a4,0
18207939ca,1
1820d22d09,0
1823de8057,1
18242ea721,1
182535e580,0
1825a512e8,0
18260da5d2,0
1829598406,1
182c9b1c34,1
182decbb0b,0
182f04bc01,1
1831ce82ea,0
1843620ba4,1
18473f4ca9,0
1848d2f0d3,0
184c4a74b9,1
184ce71d1a,1
184f98550f,1
1851b2bccd,0
18521ec072,1
18578156c1,1
185c2b00be,0
185e4127b0,1
1860b63f20,0
18642149a9,1
1866f255da,1
186a03d117,0
186af90303,1
186e22408d,1
1873988deb,0
1877978151,1
187e29df1c,1
18827ad704,0
188517dc4e,0
1888a3bf1a,1
188a32d5ef,0
188c6a67e2,1
188e3eb0fd,1
188ef2c9a0,0
188f4c55e9,0
18902f0548,0
18911b857b,0
189294a97b,1
1896841ec1,0
189840b60a,0
189b3fc26f,0
189cd47a3a,0
189d699448,0
189e2cbaf4,0
189ef94218,0
189f7488e1,0
189ff620b2,1
18aedbf4ef,0
18b0e972cb,0
18b31123ba,1
18bb9f0681,1
18bf8992ec,1
18c4252ae5,0
18c6d476d9,0
18c7dbf8ab,1
18d20d8816,0
18d23977d2,0
18d59747e4,0
18ede2d894,1
18ef457de6,0
18f39df317,1
18f45d8ddb,1
18f7114bb8,1
18f7ea54ac,1
18f7f653a5,0
18fa04176b,0
18fcabae7d,1
18ff2bf162,0
1903231182,1
19035511f2,0
190757df8c,0
19083dc4ef,1
1911135c64,1
19132f1814,0
191514c4d2,1
19156f0d4e,0
191654adc1,1
1916700196,1
19193f0b40,1
191978227b,0
191a28daf1,1
191b58ea48,0
191c8add50,1
192045e175,0
1920d2c61c,1
1924ac25b7,0
1926dc6dc9,0
192a50330a,0
192c0f2399,1
1931704cfb,0
1934014635,1
1934d09407,1
193692ce64,0
1936b09d62,1
1936f00ea2,0
193acd4f94,1
194907bcfc,1
194a3631f8,0
194bed0963,1
194d01d106,1
194e2d77d2,0
19593faa3a,0
195b5da42c,1
195be24ace,1
195c736d79,0
195f84b2aa,1
19604e08a2,0
196269dd70,0
196522eacf,0
196f65c6ce,1
196f9aaaaf,1
1970b144cd,0
1974051a6e,0
197aea586f,0
197d2c52fe,0
197f097713,1
198113f366,0
1981cdcb38,0
19846adbd7,1
1987d5a977,1
198a565606,1
198d1b49b5,0
19933ad4ce,0
1993a0f1c9,0
19987103aa,0
1998f90f56,1
199ae4d152,1
199f2ff6a3,1
19a3004210,0
19aacae070,0
19b00a7d5c,0
19b424c9be,1
19b7ab4554,0
19bd7773f7,1
19be85af0f,0
19c65a0007,0
19cedcdd62,1
19d0bddd40,0
19d18bdf4b,0
19d2fbb0e6,0
19da5090b7,0
19de0bd628,1
19e25b23b7,0
19e5024598,0
19e76eb0a1,1
19e9548fb9,1
19edc8dc40,1
19f7185463,0
19fc91a3e4,0
19fe03cd6c,0
1a03655c16,0
1a07a5540d,1
1a0e3fb87d,0
1a0fd17acf,1
1a105b638b,1
1a10d2e7de,1
1a125ee448,0
1a151c3013,0
1a17156f4f,1
1a1f2827f0,0
1a2d2f6f4c,1
1a30c514a9,0
1a32218dbf,0
1a32b13363,1
1a3a3263f9,0
1a3c0cb4c8,0
1a3d278005,1
1a3f1d3683,0
1a450d5e8e,1
1a45821cb9,0
1a4a20830e,1
1a4bb0ee7d,0
1a4ff958f8,1
1a537031e5,1
1a54db1660,0
1a5f9863c6,0
1a633c5c46,1
1a63dd9e4d,1
1a64d77956,0
1a69395f2a,0
1a7511b59c,0
1a7aba4931,0
1a7fb73b06,0
1a81d662b5,0
1a847907a1,0
1a8a9c05b2,0
1a8eab5764,1
1a902ff585,1
1a916109b9,0
1a9199e005,0
1a921cde44,0
1a964db546,1
1a978fe146,1
1a9a0563b8,0
1a9b4d713c,1
1a9d49a96a,1
1a9f02e19c,0
1aa4585a6a,0
1aa4872268,1
1aa6a20529,0
1aa7bcab8d,0
1aaa4339f0,0
1aac8513eb,1
1ab0777e4d,1
1ab17803ff,0
1abab718dd,1
1ac0e49d74,1
1ac3d08537,1
1ac8ad1e84,0
1ad077b991,0
1ad0b96d11,0
1ad24329d5,0
1ae0034fa1,0
1ae5c5c8b4,1
1aeaf95bda,0
1aeb0eb533,0
1aeb8d6b73,1
1af0c35d2b,0
1af13c9e10,1
1af15a0c18,0
1af18f1621,0
1af70a923b,0
1afa8abf54,0
1afc03681e,0
1afd9dfe9a,0
1afdf67273,1
1b04076af3,1
1b0428f0c9,0
1b05cfed9b,1
1b0be24b64,0
1b0d0fc1a2,1
1b1aebd989,0
1b23dfe0ec,0
1b279ff0cf,1
1b2ab206e9,0
1b30cfa9be,0
1b415eeb6c,0
1b41c88be0,0
1b437d3352,1
1b44f2d756,0
1b47db7b6f,0
1b4f51af2b,0
1b4fd7ae15,1
1b51bbfb25,1
1b539d7c72,0
1b58369510,0
1b67d3626b,1
1b71bda115,1
1b735de461,0
1b7f2e0fe5,0
1b8666e9cf,0
1b87758cee,1
1b88f0485b,0
1b89c1af22,0
1b8a0d3e0e,1
1b90f2e786,0
1b92662f0c,0
1b9671d258,0
1b9849ef38,0
1b99fd8bd4,0
1b9c434b01,1
1b9d6e1765,0
1b9fff123f,1
1ba274d2da,1
1ba301d7a3,0
1ba7235e1b,1
1bb2ddcf9e,1
1bb7dc8aad,1
1bb96b8e27,1
1bb96f7885,0
1bbe2c5cfd,0
1bc3c57e24,0
1bc627c04c,1
1bcec97629,1
1bd84b5535,1
1bda1d7c8f,1
1bdfef640d,1
1be454be5f,1
1bee642b31,0
1beee6414d,1
1bf29fff5c,0
1bf2aa980a,1
1bf5d78de9,1
1bfee94c01,1
1c08a710d1,0
1c0c510b27,1
1c0e2fda88,0
1c1070af1b,0
1c10dd4053,1
1c12a6a3b4,0
1c13411ae3,1
1c14aafed1,0
1c14f519f7,0
1c153b3767,0
1c1efb619a,0
1c21a48c9f,0
1c2223b9f1,0
1c29d90e0c,0
1c29fe1a1a,1
1c303efb3a,0
1c30a8cb69,1
1c3170f9d5,0
1c347dfae3,0
1c3825994f,1
1c39b5ebbe,0
1c3c878c0c,0
1c3d501957,0
1c417e7308,1
1c44185b1c,1
1c44ac38ba,0
1c46db66a2,1
1c4810c3d9,0
1c48227ef3,1
1c4af1985d,1
1c58067ca2,0
1c63af928f,0
1c6562a17f,1
1c65a2e187,1
1c679eed7f,1
1c68837695,1
1c6e6acbd5,0
1c7892bcb7,0
1c79bd4e3c,0
1c7c81c83f,0
1c7edff13e,1
1c83b8e55c,1
1c84430c64,0
1c876c7279,1
1c890986a4,1
1c8c7823b6,0
1c90915dd6,0
1c91cca75f,0
1c98fddfbe,1
1c9c089f66,0
1c9c8efac1,1
1ca75c1637,0
1ca8f6afdd,0
1caaae7fb9,0
1cab3ce606,1
1cac81c66d,0
1cad44fd71,1
1cb1c65680,1
1cb33797b1,1
1cb6f0c0b0,0
1cbe419400,0
1cbeaebbe6,0
1cbf1b7f3b,0
1cc3f779ec,0
1cca7c987a,0
1cca8f5b8f,0
1cd4a6b0b5,1
1cd4bdb755,1
1cd5bd33d6,1
1cdcba442c,1
1cdf11374c,0
1ce084e117,1
1ce420b756,1
1ce7a8868e,1
1ceee6a06b,0
1cef8bb8be,1
1cf0eb2d53,0
1cf31583d7,1
1cf498b4b7,1
1cf929a4e8,0
1cfab894ed,1
1cfc0ca55a,0
1cfc778cce,1
1d02000c13,0
1d02be95dc,0
1d0b8cb2f1,1
1d0c95488a,0
1d0dbfffd0,0
1d0e31f3e9,1
1d107c1e1c,1
1d1109257d,1
1d116a5c47,0
1d1589ad5f,1
1d16766bdb,1
1d1736a312,0
1d1d481ce6,0
1d1da1e23c,0
1d20252bca,1
1d22ec39d1,1
1d23172e45,0
1d2483cd74,0
1d2907a4e9,1
1d2e360fd0,0
1d2eba7438,1
1d3294ad9f,0
1d35417dc3,0
1d3902cd64,1
1d3e72f58f,0
1d4434a33d,1
1d445261ed,0
1d44825667,1
1d4d8ed5d5,1
1d556fb4f3,1
1d5d619924,0
1d5e0760b0,1
1d61a07bc2,0
1d61ab2298,1
1d625af583,0
1d637c79f5,0
1d644fa864,1
1d69b77175,0
1d6e15d200,1
1d74e86145,0
1d7536d550,0
1d793ef714,0
1d7946246f,0
1d7af58ca4,0
1d7c18ef41,0
1d8641d33b,0
1d86b08ebe,1
1d8b549df3,0
1d90704f7e,1
1d92c1e9ae,0
1d953ae7ac,0
1da378572f,1
1da5a986a8,1
1daf98fe85,0
1db0c81f84,0
1db13758c2,1
1db33d4efd,1
1db3d98259,1
1db6cc11e3,0
1db8bd2058,0
1dbad68d9a,1
1dbc0bdcd0,1
1dc4d490d7,0
1dc5efdd75,0
1dc86ac7aa,0
1dcd4bf300,1
1dcdb231d9,0
1dcf100b1d,1
1dd17ca384,0
1dd2cf8cc3,1
1dd353c68a,1
1dd897628a,0
1dd8cc4fa4,1
1ddb448547,1
1ddbcb0764,0
1ddbe80396,1
1ddf4d5021,0
1ddf6939e0,1
1ddf7a899a,1
1de10e2605,1
1de1ad4018,0
1de4d3a498,1
1de7ed01ba,1
1de81314c4,1
1dea4a6249,1
1deb06b2e8,1
1dec693308,1
1def4c3c1f,0
1df43e1ba0,1
1dfc7ea238,1
1dfdcf23e0,0
1dffd00a97,1
1dffecc478,0
1e026e3e69,1
1e076c60cb,0
1e0b2110e6,1
1e0cfcaa01,0
1e0d82655e,1
1e140a09ea,0
1e19495466,0
1e1a2ca299,1
1e1b78c696,0
1e224691a2,1
1e2ab8d964,0
1e2bb5347c,1
1e2bc3871f,0
1e31016e8a,0
1e32cce231,1
1e355490bb,1
1e423a4064,1
1e4271159e,0
1e4bc303dc,1
1e54a15c40,1
1e592fcdcc,0
1e626a5e69,0
1e67f449d1,1
1e682eb16e,1
1e6a1287f1,0
1e6a81cc06,1
1e6dbf3552,1
1e6e39fac8,0
1e77c00e2f,1
1e786cfa77,1
1e7b90cf5f,1
1e7d58ff33,0
1e82a15795,1
1e885bd2a8,0
1e8861a92e,0
1e8a4ed71b,1
1e8a9187d9,0
1e8ed03740,1
1e913f1ad0,0
1e9149c7ac,0
1e94f0b95f,0
1e94ffc4c0,0
1e95148c5d,0
1e9734e9e4,1
1e9b833df3,1
1e9eeede4a,1
1ea00f7400,1
1ea32175bd,1
1ea43a587a,0
1ea52842c5,1
1ea5d8283d,0
1ea66a4415,0
1ea7dc7ff5,1
1eaa2d3e0d,1
1eaa4503fb,0
1eaa5496be,0
1eab194f25,1
1eaf2411b1,1
1eaf4ef4de,0
1eb2fd6a80,1
1eb544022a,1
1eb69d195e,0
1eb89b054f,1
1ec1a49537,1
1ec6961e59,0
1ec7468c17,0
1eca7bbaf7,1
1ecb5975b6,0
1ecc6af0d7,0
1ecf68e399,1
1ed679b33b,1
1ed70b6873,1
1ed7e602ce,0
1ed9d85d65,0
1edba85588,1
1edf509c73,1
1ee181ef90,0
1ee6a28637,1
1ee820c7f9,0
1ef0db4401,1
1ef14e8c46,1
1ef5980d92,1
1ef83ef219,1
1efb2dd323,0
1efbdc1ef9,1
1effafd862,0
1f024fa00a,0
1f0375abb2,1
1f05cf72fe,1
1f06a74fd5,1
1f096f7b76,0
1f09fdcb43,1
1f0c9b08cf,1
1f152bb2c8,1
1f17e402ee,1
1f1d1c5bb9,1
1f238e02d7,1
1f274b2573,0
1f2cc912a4,1
1f2e4c58c4,1
1f3219ec6b,0
1f3850f056,0
1f3bbe11cf,0
1f3ccfa5c6,0
1f3d526217,1
1f41678c75,1
1f427c55d1,1
1f431f8404,1
1f4427c033,1
1f46af119b,1
1f4712770a,1
1f5365711e,1
1f59aae0e6,1
1f5f65489d,1
1f6107ca29,1
1f6510d123,1
1f65efa57c,1
1f6c08011e,1
1f6dbc941d,0
1f6f340496,1
1f7542f329,1
1f8e746335,1
1f90470c3a,1
1f90a6eb8a,1
1f9382e748,1
1f938810da,0
1f95b53f32,0
1f9fd746d4,1
1fa325c7ba,1
1fa3e96e67,0
1fa5e2f529,0
1faa7b5f89,0
1fab4bf9a7,0
1fabc8800d,0
1fb20e7421,0
1fb5e6ba5e,1
1fb8c4be47,1
1fb9b853cf,0
1fbe5bcef8,1
1fbf9e7898,1
1fca129128,1
1fcbca77d8,0
1fd7512c00,1
1fdc1b5ec7,1
1fdce3b266,1
1fdfddb42d,0
1fe4ecee15,0
1ff3d2583b,1
1ffcb5dcfb,0
1ffd2c7c90,0
1ffd697fe5,1
1ffd9583c0,1
2000b86a34,0
200131ae62,1
2010f2987b,0
20160491bf,0
20174dd570,1
2018a89e08,0
201a41b747,1
201e1a18e8,1
2020170c3d,1
20209e4906,0
2022da43fb,0
2024a11758,0
202542831a,0
202f2b8354,1
2034c6c822,0
203fe54c15,0
204143176b,1
2046de5427,1
2047256494,0
204d1ed64d,1
204e7d1b05,0
204fe70cd8,0
205080602f,0
2059ee39a8,0
205c5bb85b,1
205c81b0cf,1
206009b23a,0
20623d8c52,1
20649bd154,1
2069956157,1
206daf4488,0
207163bdf9,1
2071c44fea,0
207451f006,0
20805ddc93,0
2080c60fc7,1
2089eee986,1
208b8e1c97,1
208c819ff0,0
208dedd7d7,1
2094a9eeeb,0
2094feacf9,0
2099299c25,0
20998a3281,0
209bf2fc1f,0
209c04d24a,0
209dbae758,0
20a2a11ffa,1
20a37f8d1b,1
20a3de95ff,1
20a55634b1,1
20ad5f5645,1
20aece98a0,0
20b13e5407,0
20b21d538f,1
20b7b04cea,0
20c2bc1fa3,0
20c43fdea3,0
20c50935fd,0
20c8841e29,0
20caf3492c,1
20cd9748ea,1
20d79e6544,1
20db2dad3c,0
20db3d3208,0
20dc590baa,1
20df4dc737,0
20e20b1630,1
20ea949da1,0
20eb805eb1,1
20eec73be8,1
20eef3898a,1
20f88a471b,0
20fd8c51d9,1
2103bb91e1,1
2104b63757,0
2108fd1c2b,0
2109088896,1
2109e29db1,1
210f0e037d,0
2110937ef3,1
2111a46cf2,0
211588c785,0
211606ded6,1
211668c021,0
211e77a600,0
211fc65259,1
21201cd799,1
21202cb57d,0
21203adc63,0
2121ade260,1
2123236a0e,0
212999a8f2,0
212a25e1a0,0
212a99fbf1,1
212c81a520,1
212f4c6962,1
212fd2cb35,0
2130fc2731,1
2131604da8,1
21337bf7b7,0
2137e2bbf1,0
21383c8a21,1
2138c82e25,0
213c152200,1
2141030d26,1
214bb72a3c,1
214d9f38ab,0
214e7c5321,0
21530739a5,1
2154b0417a,0
215802ee52,1
215a2ec37d,1
215bd822fd,1
215cdc505c,0
215ce0ea92,1
2160b4abec,1
2162c5058f,0
2163e0b46c,0
2165d36f7c,1
2168b351f3,0
2171e87c1f,0
2172d287c3,0
217304e5c4,1
217b1e614f,1
217b7500be,1
217e842f5d,1
218419e89e,0
218598a550,0
21870b9d29,0
218774eaf7,1
218b0d05bc,1
218b7365d3,0
218dd1dc7d,1
218e73a548,1
218ef49d0a,1
218f253fd6,0
21913853fd,1
2191c509b0,1
2195aa5acd,1
21a1ee0340,1
21a85ec55e,0
21aba507c4,1
21b0f4c3aa,1
21b2122aba,0
21b8ef7291,0
21bcdbb9f9,0
21beb8b5a2,0
21c1652080,0
21c4b5f69b,1
21c5f95f63,1
21cbadcd15,0
21dd9b42ba,0
21e0fc22be,1
21e904112d,1
21eb89534e,1
21eb8bfc3d,1
21eba5bd46,0
21ec5bbeb9,0
21ecf503e0,0
21f06c997c,1
21f58d0def,1
21f9ba7499,0
21fb0195ae,0
21fb0484a5,0
21fb44341c,0
21fd7560b9,0
2200ca96a5,0
2200f5d5bc,1
22020f2412,1
220bd45a3a,0
220d6f7916,0
220eb40f20,1
2223b0d67d,0
2224a51c5c,0
2224d76601,1
22252a4a86,1
222e37b8e4,0
22351f6389,1
223527151e,0
2237bc0ef3,0
22396b6acf,1
223cae995f,0
224472bbfb,0
22455079e5,1
22479a0226,0
2249c98c87,0
2259113e0a,0
2259cca3c0,0
225b9719f8,1
225c879cd7,0
2261a6fb7c,0
2262e52f7e,1
226c1c2081,1
226d00d8bc,0
226e368ed7,1
226eed61ef,1
227080b05f,1
2273555361,1
227486a46e,1
22753a5b90,1
2276584daa,0
2276fa115e,1
2278569a3f,1
227a48b0d8,1
227cf92c90,1
227d2caf48,0
22837148ee,0
22838d7ebb,0
2284b95760,0
2289e03114,1
228fc52ccf,1
229119f839,0
2292d863ad,0
22932e437e,0
229af0b4d5,0
229c042d2c,1
229eac8ef8,1
229f218454,0
229ff0b338,1
22a2de00e1,0
22a6c841db,1
22aaa366df,0
22acc7c884,1
22b0611586,1
22b0b0eca3,1
22b25ff8d5,1
22b8342483,0
22ba0dd1fc,1
22bc49b1fa,1
22bc947703,0
22bf58f973,0
22c4b771a4,1
22c7a23666,0
22ca1ade01,0
22cd0eafad,0
22d403b436,1
22d406a571,0
22d79d4afb,0
22d8223783,1
22d8486a1b,1
22dd2a6b7c,1
22df14895f,0
22df5ff136,0
22e208650f,1
22e5084b1a,1
22ebd1736a,1
22f01a5b8c,0
22f21127a0,0
22f5ef011d,1
22f6efa504,0
22f7983c3c,0
22f99c7a9f,1
22f9c41a78,1
22fdee97a5,1
23033787d7,1
230394c494,1
231584de94,0
2315a7e28a,1
2318628e3a,0
2319603cbe,1
2319ca877f,0
23228d7047,0
2329d51ca7,0
232cc7557e,0
232de848ad,0
2330f291fb,0
23333d17b0,1
2334798710,0
233a5c501a,1
233dcd41ab,0
233fbf0f92,1
23451ef487,1
2346a5312c,0
234b88ff34,0
234e3a6c23,0
234f153933,0
235170dbc9,1
2355b79393,1
23562dcf31,1
235dfcd175,1
235ef6c21b,1
235f2c3463,1
23628ca4ff,1
236a378a20,0
236c04c812,0
236c75f90e,1
236cbf88d0,0
236fd9ca2e,0
2379a70191,0
237c856990,1
23804efc47,1
2389347a40,0
238a1b03a7,1
238b42ff9f,0
238d268b0a,1
23945607e9,1
23949267a1,0
2394e28bac,1
239b434c67,1
23a197e372,1
23a40e5e33,0
23a5d06885,1
23afc49452,0
23b23892e2,1
23b36c74aa,0
23b3f21987,1
23b73bc569,1
23b94184d9,1
23bbdc6e5b,1
23c0b1461b,1
23c7dbf995,0
23d28daa74,1
23d2cde9a5,0
23d9d5e796,1
23daac5859,1
23dbf850d2,1
23dc8c0ad6,0
23dd1fdbb6,1
23dfa01116,1
23e0910ac7,1
23e1ae953a,1
23e234ee2c,0
23e4f28431,0
23e5fdee5d,1
23ed1a7d47,0
23ed3b50a6,0
23fb22b59b,0
23fc00679d,1
23fddba3f3,1
23fe7fc9a8,0
23feb46b4e,0
2402b72779,1
24044c365f,1
2407584540,0
2407b4a532,1
240e8c745c,0
241037b636,0
2411331fd3,0
24115bf8fe,0
241a51afa5,0
241ace79dd,1
241c8eabba,1
241f108af0,0
2423c995cc,1
2424eeb0fc,1
2427a83f09,0
242b588904,1
243679d9db,0
2439dfae18,1
243bf5af10,1
243c7322b3,1
243e03e2af,1
243e8f4b98,0
243f4ce9fa,1
243f5406d1,1
24421ec2f7,1
2442c135cc,0
244bc9bcb6,0
244f604b7a,0
2452b29ae7,1
24578a3967,1
245a0eda15,1
24606d2aab,1
2461cf5b04,1
24636d8260,1
24639d0a3c,1
2463d62d21,1
2465503eee,1
246811c37c,0
24696a72b4,1
247195f329,1
24734c68bc,1
2479c66ad2,0
247ceaa75d,1
247d09aa95,1
2482558bdb,0
24851a4698,0
2485d4d2ba,0
2486c350e4,0
2488912dd4,0
248b25e144,1
248f3d9127,1
2493323021,1
24987f5125,0
2498998b8a,1
249e072f2a,1
249f692d37,1
24ac23477c,0
24aed79eab,1
24afb93ddb,1
24b681e6e0,1
24be2ae9c1,0
24c0ea8535,1
24c62b270e,1
24c6e01631,0
24c9c3fc8c,1
24c9caaa24,1
24ca0f3c30,0
24caef319c,0
24d18ed5bf,1
24d27710f8,0
24d386eb52,1
24d8165bc8,1
24d8d95adc,0
24e109409f,1
24e1a336bd,0
24e224c96e,0
24e4c14798,1
24e653fd32,0
24e6d3a1d9,1
24ea7dbaab,0
24eb6b1e8d,0
24ed0ad070,0
24f04d5ce6,0
24f3b04a67,0
24fb05de1f,1
24fb16929f,1
24fd481b2c,0
250213b363,1
2502b695ea,0
2502f76dfa,1
2505abb472,1
2505f7f8d9,0
2509712cdf,1
250ea855b9,1
25116f97d1,0
251fb02d60,1
2522db5935,0
25230d1475,1
25231fdf24,1
252530f209,1
2527fbbdc2,1
25292fdd3d,1
252c4ba58e,1
252dfe2e65,1
2539c67c3b,0
253c6c64e3,0
253d63ea19,1
253f1ac18d,0
253f5a660a,1
2543ee346c,0
25460ff11b,0
254a4c76fb,0
254bfedacc,0
254d361e01,0
2552851f55,0
2554436bb9,1
2554febe5f,0
255604ac1f,0
2558a06954,0
25595bf058,0
255bcd7d4d,1
255e6acddc,0
25633ffa6e,0
256ac73c5d,0
2573bc4193,1
257aeb49c8,1
257c54deba,0
257cf0e787,1
2580f43bfc,0
258240dffd,1
25902044ff,1
2591eccdb1,0
2592ddfe9a,0
259391e2a2,0
25952b53a1,1
25a178f2a7,1
25a302aa54,0
25a429885c,0
25a6a6c5e3,0
25a6fee660,0
25aab019db,0
25b18e20a5,1
25b47c80b9,1
25b4f5e409,1
25b52760bf,1
25b78578d9,1
25bbcf34db,1
25bd5651b6,0
25c1e909ba,0
25c3739eed,1
25c3ea9eec,0
25c68a672b,0
25c6c5b6f5,1
25cc162a20,0
25d60ca121,1
25da5aea9d,0
25e1f65653,1
25e79b19d8,0
25e84ad3b4,1
25e936f2cb,0
25f0946b67,0
25f2a3974f,0
25f62567de,1
25fb50d5c1,0
25fcf5b253,1
25fe0c4cf1,0
2602eb17ed,1
26063c49d4,0
2607516d96,1
260990369b,0
2612888408,0
2613da144d,1
26192464de,1
261bfc7285,0
261c997e39,0
262085ad0c,0
262150e51d,0
2624f58fee,0
26288dfde0,1
262c109ae9,1
262e86c201,0
263a6c85f1,0
263df94e98,1
263ee48ff7,0
2640789e93,1
2640cb7484,1
26420aa6b3,1
2642c99a57,1
2644f05a87,0
26458b3be1,1
264a775a92,0
264e76d0aa,0
2651ff4495,0
2658a96d44,1
265adbba7d,1
265cbc3a2c,1
266341d7cf,0
266870429f,0
2669607867,0
26699b6e95,0
267228f56d,1
26782a2282,0
2679f331a9,1
267a2333a9,1
267e161244,0
268446a0f4,0
26865992ae,1
2688e05396,0
268b660e25,0
268cb200fd,0
2690a3f184,0
2692473884,0
2696fbd08e,0
26985f18a1,0
269a1de317,0
269b853afd,1
269cb89e6b,0
269ec87b7e,0
269fcf2f53,1
26a00b443d,0
26a2973786,0
26aaf3e69b,0
26b3288294,1
26b48df966,0
26b718ce21,0
26bc2360f9,1
26bc9faf1b,1
26bef49a2f,0
26c48732cc,1
26ca4e795d,1
26cdb4fe28,1
26ce108569,1
26cf33edc0,1
26e1f39826,0
26e2cbdc1e,0
26e365cb81,1
26e3d0bdc9,1
26e5d886cd,0
26e5e042f6,0
26e9ae2be7,1
26eab3e2c0,1
26f09135fc,1
26f13ad7dc,1
26f2af8668,1
26f3bfc2e3,1
27006c1807,0
2706d1a969,1
27075a1e96,0
2707ec45ec,1
270d8bebc3,1
27134d77cd,0
2719b701a1,0
271a9d6ac3,0
271b36a8c7,1
271cdb413b,1
271ce17467,1
27202b4e25,0
27203140d1,0
27234fd0e8,1
272a1f454c,1
272dd45878,1
272efe33c2,0
272fb9c70b,0
2732cf49da,1
27381a7d30,0
2739974ca5,0
273a3f94b7,0
273bccd858,0
273be4fa91,1
273bf40725,0
273d3eaee1,1
274086a018,0
27412c8354,1
274ac01ace,0
275392d62f,0
275e9295aa,1
2761f00ff6,0
27635a9c27,0
2764f92736,1
276957b13f,0
276c8f719a,1
276ef91889,0
277171ad00,0
27745a249f,1
277760cb69,1
2779ad4695,0
277c424112,0
277d9e1b6a,0
277dcd62ac,1
2781eec455,0
278535996c,0
278dbf905d,1
278ea1d655,0
27903a8099,0
27954df304,0
27964a4b3a,0
27982c8a16,1
27990db532,1
279bb8a465,1
279c383da9,1
279c75c385,1
279ccb2bf0,0
279e8e1192,0
27a0c52df9,1
27a13702c5,1
27a19f6f83,1
27a2d65ff8,0
27a377a69e,0
27a3cf39fa,1
27a6277754,1
27ac4abbf6,0
27ad54017d,0
27af79ea04,0
27b096962e,0
27b8462e43,0
27baaba43d,1
27c0f91f57,1
27c1544f72,1
27c274d753,1
27c85de89f,1
27d01b09cb,1
27dd51f945,0
27e0fbeb16,1
27e152e373,0
27e16ebfb2,1
27e46ec92b,0
27e6746d59,1
27f4772abe,0
27f4fa498b,0
2801b6a2d2,0
2802360b8b,0
2808ae4f6c,0
2808fddab6,1
280bd6d3d8,1
2811f86f5a,0
281d417448,0
2823041656,1
2823691e9b,0
2825855d04,0
2825aa15d5,0
2827c76722,1
282a7b3cf1,0
282d2aa612,1
282e39841f,0
282e5ab8e5,1
2830216dd3,0
283534071d,1
28373d021a,0
28393af0aa,0
2839b6054b,0
283c583b6a,0
283c86cfee,1
283d767a59,1
28427f9844,0
2844922f44,0
2845729687,0
2845daf71b,0
2847486545,1
284953cb95,0
2849de4958,1
2850029d12,0
28507ebca1,0
2853b45d7d,0
2857a3898c,1
28593b0dfd,0
285ccd0ec7,1
2862f54101,0
2864463760,0
2865a9713f,0
286a152255,1
287107fa94,0
2872e2c646,1
287c667dfb,0
287e027fda,1
287e10a00c,1
2887b6b6be,0
288aa5c7c7,1
288abddfd6,1
288b81a978,0
288eb0da9d,1
289b51ea4c,1
289c4a144d,0
289cc83559,1
289d1ab88d,0
289d6bfcbe,0
289e3fb2d6,0
28ab3e3535,1
28ac5b7261,1
28ad312556,0
28affded1b,1
28b0157d54,0
28b705c778,1
28bc714d98,0
28bedcd071,0
28bf32c522,1
28c50ee121,0
28c6073d32,1
28c9b5ac2d,0
28ca411390,0
28cbc3046c,1
28cc280491,0
28cecefebf,0
28d1440535,0
28d6d6b220,0
28d73ab667,0
28d98240c6,1
28dba2e74d,1
28dcfc3fe4,1
28e5833a10,1
28e67e6e54,0
28e686f1bf,1
28ef38a042,1
28f418304b,1
28f67b2097,0
28f804526f,0
28fa7640e3,0
28fb1e0688,0
2902fb6ddd,0
290721d620,0
290772073b,1
290c947397,0
290ca353a8,0
290cbf4b42,1
290d5c936f,1
2910bd166f,1
2911ade0a9,1
29165871e0,1
2917fa721d,1
291a8f06d3,0
2920ec6b96,1
2921faaa27,1
2927dd507a,1
292b49c0fb,1
292edf77f4,0
292f199bd6,1
2931c2922b,1
29320b48af,0
293455edf5,1
293772ba5f,0
2938ca23bc,0
2938d43397,1
293980bb06,1
293a626ef9,0
293e82a66c,1
2947393cbe,0
2947939a91,1
29485b50ee,0
294968200c,1
294a6d26c4,1
294bc7b0bd,1
294deb4e39,0
295055b75a,1
2956cbe649,1
295973afaa,1
295f66afca,1
296241d5c4,0
296563dddc,1
2966257102,1
2966f46141,1
296dcf4cb1,1
296e5e011f,1
296f29ffe2,0
297b5818e6,1
297ca00de3,1
29811e1ac6,0
2981f4bd20,0
2982a9e65b,0
2983d9c25a,0
2989594819,0
298ebc7ecd,0
29940fc039,0
299485486a,0
29969bfb23,0
2997e5c046,0
2999c5c653,1
299e043075,1
29a0c2bd6f,0
29a2de9928,0
29a3404746,1
29a382076c,0
29a3831082,1
29a60ce3cf,0
29a7a61aea,1
29aeefab14,1
29af700bcb,0
29b2ad1947,0
29b58584d3,0
29b58aa817,1
29b6154b83,1
29bb1a0600,0
29bfb82d9a,1
29c263fcc2,1
29c5d3282c,0
29c7196d9b,0
29c92c81a5,1
29ca8c611b,0
29d2ef7bbc,1
29d3fdb94b,1
29d62a49ca,1
29d938e5fc,1
29d9f83483,0
29da736d0b,1
29de1ca495,1
29dfc2e0b7,1
29e4400291,1
29e4eb460c,1
29e7359da7,0
29f5a045d4,1
29f91bcfa1,0
29fde27a77,1
2a00fd333d,0
2a04c48415,1
2a05d27ec2,1
2a0647c0f5,0
2a0cd87a67,1
2a1792dba3,0
2a1ad6e4d4,0
2a1ebf1923,0
2a260a66b6,0
2a2b138aaf,1
2a311a4bc8,0
2a32012719,1
2a3310e78f,0
2a364ebeac,0
2a41bc1acd,0
2a4b6eabf7,1
2a4e56f933,0
2a4fea7672,1
2a500acbe7,0
2a51bce9e8,1
2a51ed9241,0
2a52799e75,0
2a5a4025d5,1
2a5b962120,0
2a5d26bda1,0
2a5d2f68bc,1
2a65922f94,1
2a677f81ff,1
2a699799fc,0
2a6a34aaec,0
2a6e2af772,1
2a77453017,1
2a7786ab0f,0
2a77b135db,0
2a84bbbb19,1
2a85409674,1
2a863ae22c,1
2a89818786,1
2a8bbacf9e,1
2a8cf16c87,1
2a9283c4fe,0
2a9c36f342,1
2aa1d57551,0
2aa22c1be4,1
2aa252fdef,0
2aa3d97a30,0
2aa6310564,0
2aa7a8a123,0
2ab1424f98,1
2ab1ee5a26,1
2ab332cfd2,1
2ab40c1f5d,0
2ab8b4aee0,1
2ac06ed5c5,1
2aca57a8cb,1
2acd40a6e4,0
2ace7d05b2,0
2add035275,1
2ae0dd05bd,0
2aebe3db33,0
2aec77b980,0
2aeddb914c,0
2aee53629d,1
2af05c6280,0
2afd99705d,1
2afec78f30,1
2aff58ca5d,0
2b0ad7de22,0
2b0c7c1182,0
2b0ecbe1b3,0
2b12768e40,0
2b155b3f87,1
2b18c907e9,0
2b18ce4f29,0
2b234281c9,1
2b2b52e109,1
2b2e229c2a,1
2b2e9abe69,1
2b2eafaf59,0
2b30cf2ecd,1
2b39e3db3d,1
2b3aabfdbe,0
2b3e3797ab,1
2b40c212b8,1
2b40db2cf8,0
2b42522353,0
2b454497ed,1
2b45a1a8e4,0
2b4f8be23f,0
2b53180b67,0
2b5fee29ec,1
2b602385d9,0
2b6162ed75,0
2b6b144080,1
2b6d90e1be,1
2b6f04c426,0
2b7531b7ba,1
2b79d8a497,1
2b7c849fa7,1
2b8432e426,1
2b85bb82d9,0
2b8af503b4,1
2b933dc57c,0
2b9617dec1,1
2b9637dd42,1
2b996ae6f6,1
2b9a6bd97c,1
2b9af11bce,0
2b9c5ec0cf,0
2b9d90cd42,0
2ba4b2b07f,0
2ba65d3234,1
2ba83bbb40,0
2ba9751316,1
2bb03ebd3b,1
2bb4ccecb4,0
2bbab7c49c,0
2bbe012c08,1
2bc0bb060a,0
2bc3375516,0
2bc7f73d11,1
2bc827eb54,1
2bcb90a016,1
2bd23770c9,0
2bd839326e,1
2bd879224e,1
2bde19e207,0
2bdf473ab3,1
2be7816c80,1
2becc0cfe4,0
2bee84ee8a,0
2bfe10141d,1
2bfe3276d5,0
2c05162630,0
2c081158a0,1
2c10d7686f,1
2c154ded9c,0
2c25190f05,0
2c252e9349,0
2c2ceca5eb,1
2c2d6a99e9,1
2c2d779601,1
2c2f28c7dc,0
2c2fc1ea54,1
2c3077bd90,0
2c3168da8d,1
2c38a927e6,1
2c38c35e7d,0
2c3eb57a35,1
2c41e02ec4,1
2c46d7cb41,0
2c46fed643,1
2c4728f2d0,0
2c47f92a52,0
2c4ae81d39,0
2c4fb7b88b,1
2c4fe2a668,1
2c5067fb04,0
2c53900db9,0
2c5da1fbc6,0
2c62747b5c,1
2c6b2ecc4c,1
2c70379f24,0
2c737ac956,1
2c73aa902d,0
2c7a554e53,1
2c7b38d788,1
2c7bae1fd8,1
2c7c423ef9,0
2c7c919488,1
2c7caf1a7a,1
2c8049d993,0
2c87f9ac99,1
2c8d0b74d8,1
2c8f7d7227,0
2c9028359f,1
2c903f6927,0
2c96ac415e,0
2c99169734,1
2c9d1e2eb1,1
2ca3fc5b67,0
2ca4e89781,1
2ca7bafaa2,0
2ca8f547be,1
2cab78e1f2,0
2caf56a7bc,1
2cb54bb39e,0
2cb74821ef,1
2cb894ce6f,1
2cbd0aa318,1
2cbd809a8a,0
2cbe58957f,1
2cbf0dcbb6,1
2cc0991f44,1
2cc17a1c2a,0
2cc6276153,0
2cc9b07f1f,1
2cca4b66eb,1
2cce9021c8,0
2cd563151f,0
2cd793432d,0
2cdea68c26,0
2ce5d32d20,0
2ce64e181f,0
2cea9c5c1a,1
2ceb275f12,0
2cec30193f,0
2ced7ca60d,0
2cede8c4f3,0
2cedee8ed6,0
2cf0572eb9,0
2cf41aac16,1
2cf9816dbf,1
2d03a55cbe,1
2d046b8d68,1
2d05485461,0
2d064e8ad1,1
2d08928965,1
2d09cb9dd3,0
2d0d17f7da,1
2d10cddcda,1
2d17e4c124,1
2d18092904,0
2d18f7a7f1,1
2d25229d4e,0
2d2b2c0a6c,1
2d3197645d,0
2d3546ed5c,0
2d35901b65,1
2d382c1527,1
2d399bde76,1
2d3f89387a,0
2d40f02cc2,1
2d4321cf81,1
2d45065f25,0
2d4604a87f,1
2d4877d517,1
2d4c19e146,1
2d4e3e830e,1
2d52364faf,1
2d53bab2f6,1
2d5bc5b83f,0
2d5e336a1e,0
2d5f6e1982,0
2d60a099fa,1
2d647cbdd1,1
2d679b902f,1
2d6a6c1657,0
2d6ccf8439,0
2d77894eb5,0
2d796f242b,1
2d87a1e33b,0
2d87b780a4,0
2d88f3cba8,1
2d89b3af5d,0
2d8beb5008,1
2d8bffa1ea,0
2d8cd4015c,1
2d8ce298d7,0
2d8e45ab69,1
2d8f6c3943,0
2d9114ab78,0
2d919ecc59,1
2d91a91271,0
2d92639e83,1
2d9279cffa,1
2d9bbe46ba,0
2d9dc52296,1
2da09d4ae7,1
2da42fcc23,1
2da49d9dc4,0
2da5176954,0
2dabca82a5,1
2db07e9be4,0
2db3b0caea,1
2db5409495,0
2db56e5c61,1
2db9bb4b44,0
2dbb3262b4,1
2dbcf9a715,0
2dbe9f7f99,1
2dc6ef66b9,0
2dc96b57fa,0
2dcd21caa3,1
2dd9157bbd,0
2ddc663fef,0
2de02901a6,1
2de35f6288,1
2de4ef6ac3,0
2ded063dc5,1
2df70965f1,1
2df9050176,1
2dfa0bd91a,1
2dfb9b7fa2,0
2dfe24fc53,0
2e00216a0a,0
2e00a048fb,0
2e01968470,0
2e019be93b,1
2e0f307b21,0
2e0ff911d5,0
2e10dcba4d,1
2e1e9ccbed,1
2e25a45d9e,0
2e2913daa4,0
2e2fc340a6,0
2e31692714,0
2e3878e22e,1
2e3925cea6,1
2e39cbad30,0
2e3c46bbf7,1
2e3ccbc7db,0
2e3ec949dc,0
2e40684837,1
2e406d7fc1,0
2e43e43fbd,1
2e4dda794c,1
2e4eea6ffc,0
2e54b13630,1
2e550c8c77,1
2e555df64c,0
2e5b411f34,0
2e5e7179a2,0
2e5f9aaf77,0
2e61452b58,1
2e61899dc6,0
2e6cc617ef,0
2e7017ab63,0
2e7ea916ce,1
2e7f1b8816,0
2e7f563d7c,1
2e81534fc1,0
2e81f42455,0
2e824c136b,0
2e84eb6a0a,0
2e87c495ee,1
2e89845b69,0
2e8c12c6a7,0
2e9051f619,0
2e91b0f31b,0
2e91e95924,1
2e93054789,0
2e99dadcaf,0
2e9efa1d39,0
2ea0a1f3c0,1
2ea1214350,0
2ea71d15a1,1
2ea7fc9b0e,0
2eaa89b1db,1
2eb0092d41,1
2eb67b6198,1
2eb7be0bf5,1
2ebb7e9133,0
2ec1a1a98d,1
2ec459851b,1
2ecb0e0ecb,0
2ed3f44535,1
2ed4c2cb83,1
2ed775314c,1
2ed9621f9d,0
2ee23907f5,1
2ee4b4c15c,1
2ee6bb080a,0
2ee7d4c891,0
2eebf459ed,1
2eecc85169,1
2eee272748,0
2ef58a8994,0
2f020898e1,1
2f022b8b8f,1
2f07585674,1
2f0b6eec62,0
2f0e406d9a,0
2f0faae0fe,0
2f106e061a,0
2f1120a2eb,1
2f13e389e1,1
2f14a8e195,0
2f158ba010,1
2f174a9b1d,0
2f186e373e,0
2f199f280d,1
2f19d94640,1
2f1d2bcd56,1
2f1e7034cd,0
2f25abada5,0
2f2c22ba30,0
2f30185f2e,1
2f30b62cf8,0
2f37a5b76f,0
2f3ba9c4f6,0
2f3be26bf9,0
2f3f689064,1
2f3fdef4c2,1
2f4205ba83,0
2f49180643,1
2f49c9ae06,1
2f4d5c56c5,1
2f4ea8db5d,0
2f4f053e0a,0
2f50aebd01,1
2f535898ee,1
2f57e91f46,0
2f58d7590c,0
2f64d38529,0
2f67eafcbc,1
2f689c2b2e,0
2f69d442d0,1
2f6b12fd34,0
2f7050b529,1
2f722ba83f,0
2f737665ef,1
2f74dbebfb,0
2f76ba79b3,0
2f76dab24d,1
2f87ea5a38,0
2f89596ff0,1
2f8989c7e0,0
2f898a6bd2,1
2f8b142f5d,0
2f8bb0f462,0
2f8ef06e1e,0
2f8fa7dccc,1
2f91ad5d8e,0
2f93cd58cf,1
2f95ed85af,0
2f98a485a8,1
2f99efc951,0
2f9b7e6b4e,0
2f9be7a932,1
2f9f1de7b9,1
2fa778e443,0
2faaccb696,1
2fb65d39d7,1
2fb85005f4,0
2fbb393872,1
2fc13de700,0
2fc1c81df9,1
2fcc659882,1
2fcc8a5800,0
2fcda2e3d3,0
2fce0ba80f,0
2fcf7afa42,0
2fd32fc683,1
2fdb2c2da1,1
2fdff0eb90,0
2fe45a10e9,1
2fe4ae5ead,0
2fe569d57a,0
2fe58e9a0a,0
2ff0fb9271,0
2ff1b3befc,1
2ff3722a32,0
2ffd8bbb2d,1
3000dcaf17,1
3003dec837,1
30042cef6e,1
3006147e4b,0
3007e23a39,0
3008943d59,1
3018f13cb5,0
301f2d6f89,0
30206033dd,0
30257eb5d9,0
302a65168d,1
302ac37534,1
30398bca58,1
303fac7aa4,1
30437125d6,0
30453abc39,1
3048c105d2,0
304a9e52bb,0
3051e02cce,1
305a6ef670,0
305cc55d86,1
306337a8e1,0
3069d330bb,1
306a0b85c4,1
306b1c9bab,1
306bf37490,1
306bf3ef81,0
306c7eee0b,0
30742c1250,1
3077f2fcbe,1
307a6a6e4a,1
3087d7ba78,0
3089b2881a,0
308e5ea7bc,1
3099960bcf,0
309e9dfff7,0
30a63de904,0
30a7eacc03,1
30aa07ded4,1
30b12a26e4,0
30bd959698,1
30c67817f7,0
30c8509c01,1
30c9fdf493,0
30caeeb136,1
30cb629b6c,0
30cc81c435,1
30cd9065d0,0
30cf7291b1,0
30d43622cc,1
30d7e500a7,0
30d875bb26,0
30da65a0ea,1
30e314cbaa,0
30e3d26765,0
30ea94eaa9,1
30ed477857,1
30f9325a69,0
31009388c4,1
31072167e7,1
310978b34d,0
310e370e6f,1
3116563187,0
31191955cb,1
311e760aca,0
312633bf5e,1
3127936a9a,1
312868b59d,1
312b521312,1
312f8e402c,0
312fb259d3,1
3130ff5f1d,1
3132c03c8c,1
3133aa8ef7,0
313437b4b6,1
3134e685d0,0
31356e717d,1
314341dc52,0
3145e2ee10,1
314788704c,0
314c9e51b9,1
314f4e4935,1
31556b963d,1
315d1bc1f0,1
316156e020,0
316a90af02,1
317065def4,0
31722cf6c3,0
317361fd90,1
317535da35,0
3179af78c5,0
317f417a3d,1
317f678d70,0
3180cf8a34,0
31821aaaa3,0
31840ab5e7,0
318860f063,1
3188f8352e,1
3191e24e23,1
319977097b,1
319b6b607f,1
319f59b426,0
319ffd1921,1
31a60be6e5,1
31a6ff60ae,1
31a93f6bcb,1
31ac272920,1
31aec0ed49,0
31afb81d49,0
31b0888d75,1
31bb93231c,1
31bfb3c5b6,0
31c0634da6,0
31c12e7dbf,1
31c7b03573,1
31c828471b,0
31d1c0913f,1
31d1c870ba,0
31d2e46539,0
31d3760ff1,0
31d55297c5,0
31d58debfe,0
31dc08e547,1
31dc3c41e2,0
31dc480f63,0
31e0946295,1
31e6e9d6d2,1
31e7055d33,1
31e7467b25,1
31ebae2302,0
31ed982a51,1
31fd92a59f,0
31ff759faf,0
320179d1ed,1
3201f5673c,1
320b3abcfc,1
320de7b8f9,0
320ff7c53e,1
32176f9292,0
3218c309ee,0
3218f75f90,1
321b0de362,1
321e50bcbc,0
321e84de8f,1
321e939dab,0
321ecce549,1
32212935c6,1
3222b51b19,0
322397ec4a,0
3227d19fc1,1
322fbd93a1,0
3234363755,0
3238300b1b,0
32395be2c6,0
323bfa16f3,1
32408da719,1
32409410a2,0
32446b4199,0
324741b839,1
324751ec2e,1
325321f040,0
32534a4898,1
3269143acb,0
326bac22fb,1
326c3bd97e,1
326e664a76,0
32720d7674,1
3273fe3973,1
327511938a,0
32766af2ac,0
3277e46ba0,1
327b6fac2e,1
327fa54046,0
3280520ecf,0
328110a488,1
3282e51652,1
3286fc447a,0
328f451f70,0
32904c52d7,1
32916eb339,0
3293d37805,1
329735ccdd,0
3297ea6aad,1
329bc09f31,0
32a4bceb2f,0
32a6aebf37,0
32a9aa6143,1
32ab96fad2,1
32addb2079,1
32b027b19d,0
32b0c2f9f5,0
32b2b7274e,0
32c34b59af,1
32c4ec620d,1
32c6c02e82,0
32c93821d8,0
32cae60f7d,1
32cdc9bc60,0
32cef31438,0
32d071dccf,1
32d31c9058,1
32d516885e,1
32d5ae3cd3,1
32d8638aad,1
32e60081c2,0
32e6a9ef00,1
32e72276ff,1
32e9a1c892,1
32ebbbd634,1
32edc89395,1
32f39ca667,0
32f5ada699,0
32ff4e2271,1
32ffee6eaf,1
330029fdd6,1
33033db6ad,0
3309ab5fc6,0
330c3b57f4,1
33130bc375,0
33150be5a7,0
33158c2f3f,0
331b9e78ea,0
331e169c14,1
3327d20c12,1
33307240c7,0
3330fc726e,1
33333df0c1,0
333b523a93,1
333db45319,1
333e1f6ca2,1
333fe1039a,0
334155b730,0
334224dc71,0
3346c0f7a4,0
3348c6f40e,1
334de4b9ae,1
33507e5660,0
3357babcd8,0
335c4b8888,1
3360ccb7a8,0
3363bc608a,0
336d6ed7c2,0
3373159e0b,0
337315b48c,1
33754f823f,1
337bfc2b3d,0
337c5be128,1
337e1fdd0f,1
3382044d5f,0
3389c19a19,1
338e432705,1
33925389bb,0
33969e5290,0
3399bb2bc3,0
339a95910a,0
339cf175b2,0
339e868a2e,1
33a112b223,0
33a75a79fb,0
33a90c6d8b,0
33ac5f5fd9,0
33aff6f6fa,1
33b773906e,1
33bed3e123,0
33c848389a,1
33ca58f2b6,0
33cb2670ff,0
33cbf3707a,0
33d004bd15,0
33d30e85bc,0
33dad77f80,0
33e1ecf95a,0
33e26aa670,1
33e2df501d,0
33e82e3a87,0
33e96062bc,0
33ed130969,1
33edf1ac87,1
33ef638784,0
33f06d1656,0
33f417913a,0
33f593223e,1
340c0ece35,0
340d54df0a,0
340d5e53ca,0
3412d66067,1
34150c0ac9,0
3417d7c639,0
341b9d6d6f,1
3420bc112d,1
34223455ad,1
342272e2c8,0
3422a9f6eb,1
342323768a,1
3428a09a8e,0
3431a57683,0
3431f37aa0,0
34332ef26b,1
343417b430,1
3434b8d670,0
3437deceb2,1
343ca9c600,1
3443457cd2,0
34485c215a,0
3453293220,1
345422e99b,1
3454718735,1
3465517763,1
34709f83fc,0
347369afd7,1
3476886815,1
347e1f1a71,1
34804770de,0
34842b3682,0
34856c34bc,0
348b6ce7ad,1
34948c5123,0
3496e9a74d,0
3497271601,0
3497e19829,1
349e655e12,0
34abd440b9,1
34b1ec25a5,1
34b5bb6275,1
34b8fbd8ae,0
34b96dad30,0
34be1cd5cc,1
34bf9981c7,0
34c573095b,0
34c7d8771a,1
34cbc958fd,1
34cd98ac80,1
34cffd0ffb,0
34d52ffbd6,0
34d6b4ea5b,0
34d80ee60b,1
34d83acf6b,0
34de33bbea,1
34e4d725df,0
34e4f35dfe,1
34e8a360c6,1
34ea78127d,0
34ea81de3a,1
34ebff46b8,0
34ecaf45b8,0
34f117c853,1
34f182f283,1
34f71123bc,1
34f714d8cf,1
34f7d1907d,1
34f7fd6f4a,0
34fb70ed8c,0
34fc205a62,1
34fd912d9c,1
34ff0ba2c5,0
3500760a11,0
3509187b9f,1
350bfb453b,0
350f8a142e,0
3511adad52,0
3513b1b2ab,0
3517f7c4b8,1
351a7a8b6f,1
351c14d024,0
35250cc962,1
352540e314,0
35256db6f2,0
3528859454,0
352a796f1d,0
352bac0bae,0
352e2f58ce,0
3533036898,1
353421d780,0
353682bfab,1
353e791216,1
35454ac518,0
3546b3725b,0
3549d3b29b,0
354a69b217,0
354b49acec,0
354e73e752,1
355051d1e5,1
3550a02b42,1
3553115a46,1
35564f5b70,1
355b021684,1
355ba678e8,0
356095e567,0
3561cb5448,0
356274c24f,1
356456ba74,1
35678aaa65,1
3568805b5c,0
356f815bbe,1
356fd40b19,0
35741d88f9,0
3576f4857a,0
3580ab0317,0
3580f04d4c,1
35818c0ba6,1
358e57205a,1
359385bc6c,0
3594036ae8,1
3594236535,1
3595109414,1
359686aac9,1
35a21ea5a3,0
35ac010d2d,0
35adfebf14,1
35af10debf,0
35b243185f,0
35b5c50929,0
35bb5ae666,1
35bf3da7bf,0
35bf98c42f,0
35c06cc8a4,0
35c97389fe,0
35c9c43ba7,1
35cbe2742b,1
35ccce9882,0
35cf3e0a64,0
35d3f34ebd,0
35d510d3a5,0
35d611d1f9,1
35d7e51f0f,0
35dbdc0cd8,1
35e0d209e5,0
35e3582d79,0
35e374a6df,0
35e3df8690,0
35e41918b1,0
35e645e689,0
35e756c713,1
35ef74caaf,1
35efc25820,1
35f4bef22c,1
35f516bd6c,0
35f58ee6f4,0
35fda8d9e6,1
3601f1fc2a,1
36025086a0,0
360276f1ff,0
360cd066f6,1
3616f314b2,0
361a8d2fd9,0
361cff2266,0
361e0a441f,1
3620794a52,0
36229741e4,0
3629d32e43,0
362bde487f,1
3631fd04f6,1
3633f72b18,1
3634697f22,0
3635422d9f,1
3637c89496,1
363850f375,1
363da1f4e0,0
3640899fa0,1
364309ad13,1
3647fd9bc7,0
36482b870f,1
364b158f2c,1
364f0b2f83,1
3650156034,1
3650f8f920,1
3652b68ec2,0
3655f1f24f,1
3659798c10,0
365b9a8b7e,0
365f9adee9,0
36604c25cc,1
366aa8c664,1
367bdbfdcd,1
367dd595d6,1
367ed07e37,0
3680a515bf,0
368181ae45,1
3689a0c088,0
368ac3efb9,1
368b2abb4c,1
368df0de48,1
36983f3183,0
369847edbb,1
369a7bfe3c,1
369b5131ab,1
36a3bc82be,0
36a49ce048,1
36a97b51aa,0
36ab0021ee,1
36adb9bf4e,1
36bc798908,0
36bebac758,0
36c1aa70e8,1
36c3135b68,1
36c48130ad,0
36c83722f3,1
36c950c1e0,0
36cd1d2ea2,0
36cdf74614,1
36d0cc280f,0
36d1558ee3,0
36d38f333d,1
36dc58fd5f,0
36df8c683b,0
36e60b989d,1
36f5a1f562,0
36f7010cc2,1
36f77bb741,0
36fdc42beb,0
36ff7bfc2d,1
36ffa88572,0
36ffdd0ad9,0
370076ac92,1
370259b03a,0
3702c7d1e5,0
3704859e88,1
3705e55087,0
370be15755,1
370f9f2796,1
3715851490,0
3717d29e85,0
3719a48838,0
371bb4934d,1
371d4c1700,0
371eb75576,1
371ebb5bf8,0
372359ba96,0
37339df415,1
37398e8015,0
373acc2793,0
3741c0d8f6,1
3743284a37,1
3744444445,1
37460824e1,0
374712ceaa,1
3747e6fa91,1
374854eaf2,0
375649935f,1
375a5daa0d,1
375b669c55,1
375dc17d5c,1
376073a5d7,0
3761c6e022,0
37631517ce,1
376989b54e,0
37772f9c03,0
377ad12fb7,0
377f13cb40,1
379652aa39,0
37979d7b81,1
379d3a63d3,1
379e76ccb0,1
379eb13f5d,0
37ab022f72,0
37acd64ff1,1
37b07a3852,1
37bc5d4777,0
37c22e8147,0
37c579410f,1
37d12db148,0
37d51f10ae,0
37dc747bdf,1
37dfa3b909,0
37dfaa2744,0
37e1d7a92e,0
37e8a34f28,1
37e90e9dcb,1
37f1963677,1
37f2684ba0,0
37f309cc69,0
37f6904f88,0
37fc725385,1
37ffb9e4db,0
3805fe649c,1
3807d3a93c,1
3807fa71cd,1
380a4b77b5,1
3810fdb026,1
3811264037,0
381c74fcbe,0
381d25b9ca,0
381fbdb440,1
3820f351ba,1
3822aca275,0
3822f9ca7d,1
3827c81b1f,1
382bbb14e4,0
382dfd7f08,1
383019601d,1
3833a34cb5,1
3834fae5ab,1
38357c160c,1
3838c52c38,1
383966fce4,1
383d706e7e,1
3842e1fa23,0
3845253ea6,0
3846146ee2,0
38468d8b53,1
384de2cf92,1
3851d36831,0
385b7fe26e,1
38614d3a67,0
38625dce9c,1
3864b43908,1
386852b015,1
386af35068,1
386c21278b,1
386d5bd134,0
3876a558e7,0
387b4687a7,0
388236eed7,1
3884639e72,0
3884ea93e8,0
3887d91b0e,0
388f615913,0
389aa860a3,1
38a020b6e4,0
38a33be955,0
38a3924e90,0
38a4b141b7,1
38a59f530b,1
38ab20daa5,0
38ad63a232,0
38aed87cf8,0
38b1e8a40e,1
38b268c958,1
38b3a63081,0
38b3ba489d,1
38b4351e44,1
38bb249369,0
38bb8703c9,0
38bba9e4b4,0
38bd8bf78b,1
38c5fe3311,0
38cb8c5c9d,0
38cc867237,1
38d12120ed,0
38d531d064,1
38d67af0fb,1
38d8cc3c09,0
38dcda5bcd,1
38de04d206,1
38defc79de,1
38e6834f84,0
38ebf275cd,1
38efa9555b,0
38fcc2dd90,0
39027c7e5b,0
390abf662d,1
3918750f82,1
391b242be7,1
391b7b6ead,1
391e613abe,0
392048bf98,0
3924e4ed73,0
3924f840ac,0
3928c518d3,1
392bf7c4f1,0
3932cf5b6e,1
3932e914d9,1
3933e90296,0
3936560121,1
39369ea11d,1
3939ae1fb5,1
393a06b293,1
393ede57d5,0
394263c0b6,0
3946d09453,0
39538cb542,0
3954515149,1
3956fb35ad,0
39572fb320,1
39584217ca,0
3959a3211d,0
3959accfa9,0
395a10f04c,0
395c8c5b43,0
395d94e369,0
3961a284cd,0
39694bffa4,1
3969f91bd1,0
396a46bc58,0
39715f90ff,0
39766f0870,0
3977cffc7b,0
3979ae530e,1
397af6b794,1
3984372427,0
398628ca4e,1
39887ef120,1
398bc66e47,0
398c4596c8,0
398e169bef,1
398f4bd0ac,0
399339f3e9,0
3994a12293,1
39956a1b1e,1
399e904882,0
399ea7f8a2,0
39a0261ab6,1
39a3569919,0
39a6060a46,1
39a76d9d1f,1
39a8404f7b,1
39ac9620d0,0
39b3205d5c,1
39b39c83b0,1
39b4797ab0,0
39b9629101,0
39bbb30c68,1
39c93fe877,1
39c9fa84cc,1
39caf9460d,0
39cc2d92e6,0
39ce7fdd1b,0
39cf446559,1
39d5ddfcf7,1
39d622bb8a,1
39d7550ce5,1
39dafe0072,0
39dc9288e3,1
39e0720bcc,0
39e427d9c4,0
39e81a61a3,0
39e9190fae,0
39eaf0b9f5,0
39ebdfd797,1
39f1c3bb14,1
39f37835f9,0
39f93db2c4,1
39fcffc61d,0
3a01e203cd,0
3a028f6f8a,1
3a038bcd48,0
3a073f10ca,0
3a07ec85db,1
3a12b14489,0
3a153b4baa,0
3a1c9fc403,0
3a1e6702e5,0
3a1f602ef1,0
3a21bbb705,1
3a237f26a5,1
3a32833d73,1
3a3545aef8,0
3a3e26aab3,1
3a409f2d2f,0
3a44456e56,0
3a44d64c4e,0
3a473f85cc,0
3a4b1464e4,0
3a50006db6,1
3a500e7afa,0
3a5023a4c0,1
3a52249b8b,0
3a530c9a00,1
3a584df210,0
3a5c8dd809,0
3a66c43437,1
3a674bd013,1
3a6c0eac1f,1
3a71650b28,0
3a71b3ffb5,1
3a732277a2,1
3a7bb75564,0
3a7bfdccbc,0
3a7dae800a,1
3a80e5aff8,1
3a87d83811,0
3a8c28ec91,1
3a98b6f3bb,0
3a9cd9c516,0
3a9fa4a6a5,1
3a9ff5a760,1
3aa2918b7a,1
3aa2f4ec68,0
3aa41f4001,1
3aa56aa9a2,1
3aa65902a5,0
3aad844e9f,0
3aaeaeb1c8,0
3aaeedf84c,1
3ab0176153,0
3ab416e8ea,1
3ab4a8a42c,0
3abc3148f4,0
3abd6d57fe,1
3ac7a63351,0
3ac827fed8,0
3ac973b47c,0
3acb9fc768,1
3ad0074da7,1
3ad6ea4e73,1
3ad75ab9b6,0
3ad7fe2352,0
3adee32f0a,1
3ae025f802,1
3ae0641f31,0
3ae11d351d,1
3ae40486a2,1
3ae4e00cba,1
3ae82d1064,0
3aedbc34f7,1
3af04fdf36,0
3af3275892,0
3afb318e8d,0
3b026bf1ad,1
3b03e7386e,1
3b062cbadf,0
3b12eccdc0,0
3b1401d28a,0
3b14bbeefb,0
3b15b98bf6,1
3b1af4a490,1
3b1b7eab7e,0
3b213ba24e,0
3b24639125,1
3b2a6c2e95,1
3b2e3242cf,1
3b31e687d3,1
3b33dd71d1,1
3b34ceb5b1,0
3b3531f1fe,0
3b369d02cf,1
3b3a975215,1
3b3ac30a17,0
3b3cb5d2bf,0
3b3cf27292,1
3b3d94611b,1
3b3ddf0c4d,0
3b3ea2680a,1
3b3eb45354,0
3b414331fd,0
3b416dd946,0
3b4224b471,1
3b45c6b7fc,1
3b46c07e86,1
3b4b574a62,0
3b4d7ce398,0
3b54ed537b,1
3b5c188a6e,1
3b61e73536,1
3b65aec9fb,0
3b67036813,0
3b692f730f,1
3b6b5746c1,0
3b6fd8f6fe,1
3b70aca962,0
3b7164e531,1
3b762642d0,0
3b79336f4e,1
3b8183597b,1
3b851e6770,0
3b8664f4ba,0
3b8fc512ed,0
3b92604e06,1
3b97821057,0
3b97a14e28,1
3b9cf22eda,0
3ba6a98755,1
3bac48cf0d,0
3bade2fba1,0
3bae6508fe,0
3baea8058e,1
3bafc09d83,0
3bb5bda002,0
3bb61bf7a5,0
3bbf5fc8a4,1
3bbfdbc77d,1
3bc0504fb1,1
3bc14a8aa4,1
3bc2a47e5c,1
3bc315acd1,1
3bc788e0b4,1
3bc8dc3b0f,0
3bd4b2bff4,1
3bd5406bfe,0
3bdbbcac21,1
3bdbd04a50,0
3be0a256cc,1
3be7241f88,0
3be7625fce,1
3be9420b43,1
3beb84e7e0,1
3bf45afd75,1
3bfcd3eeea,1
3c001509b4,1
3c0357031f,0
3c08c7c937,0
3c0c64b335,0
3c0f51cd58,1
3c13ef522b,0
3c14899e78,0
3c18010f48,1
3c1b3dfc08,0
3c21f344f9,1
3c226b9af1,1
3c25d1e5f8,0
3c2933a3cd,0
3c2a933bd5,0
3c2c591cb3,1
3c327736c8,0
3c34de3e9e,0
3c34e3c1b3,0
3c38f7a428,1
3c42b4e4e5,1
3c42d8a8e5,1
3c43ec8ae7,0
3c44e15b8d,1
3c4a346ec4,0
3c4b532e59,1
3c4bfd3ef1,0
3c4c0efb2b,1
3c4dfb612e,0
3c4e3b1ff1,0
3c4eb5411d,0
3c59debccc,1
3c5c8321c9,1
3c602cf190,0
3c63b7a9af,0
3c63cfe89c,0
3c64f8a2df,1
3c654a34ab,0
3c6593cb44,0
3c6bca5e56,0
3c6e106858,0
3c7bd6c430,0
3c7c31358b,0
3c7c7b3708,0
3c8024cd32,1
3c81b190b7,0
3c84f3cb01,1
3c8aa7ea60,0
3c8e34c6b3,1
3c93634847,1
3c9cb76752,0
3c9e823b69,0
3ca1d0f6a1,1
3ca25cea57,0
3ca325baa6,1
3ca5ae4894,0
3ca69ce075,1
3ca7b2053d,0
3cac2a61c4,1
3caeaa8c5b,1
3cb0a4f4e4,1
3cb3bfe513,1
3cb43a8e5b,0
3cb75b16b9,1
3cb7ab0034,0
3cbd1a0f17,0
3cbdb4d481,1
3cc0683e2f,1
3cc2b0090d,0
3cc421f44b,0
3cc575536d,0
3cd2c7d7c6,1
3cd46ee67d,1
3cdb386ee4,0
3cde2c0ff9,0
3cef075af7,1
3cef251249,0
3cf0769d1b,0
3cfb48c6dd,0
3cfbd2a280,0
3cfe806aea,1
3d00d78eca,1
3d041f58b0,0
3d05320ae6,1
3d05c536d5,0
3d0deaa0bf,1
3d0e2800c7,0
3d0f81d726,1
3d12366f10,1
3d17381a80,0
3d17a3d64c,0
3d1a89d0fb,1
3d1c0a2082,1
3d1c6d6dfb,0
3d1ddfa854,0
3d1f3137d6,1
3d1f500577,1
3d1f9eecee,1
3d22e1512e,1
3d2636b751,1
3d2716aee0,1
3d2aedd1f9,1
3d2cadd87d,0
3d2cc78df3,0
3d2e9a2099,0
3d33f48de0,0
3d35010411,0
3d3d816568,1
3d4166f81e,1
3d4182b6d6,1
3d43e23924,0
3d4937f228,0
3d4e90430d,0
3d50d4c3f0,0
3d5147e689,0
3d52cf1ed5,0
3d53b9d6d9,0
3d575536a8,1
3d6209fc75,1
3d620ed7c3,1
3d65d6ac4a,0
3d677394b5,0
3d68579104,0
3d6fb306af,0
3d715f308b,1
3d72724fc4,0
3d75a1f4b4,0
3d7708f3c7,0
3d7e29650a,0
3d834620de,1
3d8a9f974d,0
3d8c0e0e47,1
3d9235bb7d,0
3d92bdab61,0
3d94c1e4b5,1
3d94cc1d83,1
3d9736dc65,0
3d982c1e55,0
3d9863de6f,0
3d99442abf,1
3d9d513d37,0
3da0702fb7,0
3da2c88514,0
3dab9e4a35,1
3dc0844601,1
3dc49ba099,1
3dc5c6c167,0
3dcbdd40c6,0
3dd59f8174,0
3dd71ff8d5,1
3dd9d410bf,1
3dd9e4ccb5,0
3de38e313c,1
3de57a0858,1
3de6b2131a,0
3dea821edd,0
3def69e8b5,1
3defcd74dc,0
3df5ed7091,0
3df9e33918,1
3dfaf05e0f,0
3e0155c459,1
3e04775921,0
3e054f07f0,0
3e0690d695,0
3e0cbc2c1b,1
3e0e84d989,1
3e1010f998,1
3e10d9f049,1
3e133e413b,0
3e151300d3,1
3e18286205,1
3e1905b5af,1
3e191109b9,0
3e1b71f628,1
3e1cb2d673,0
3e1e014876,0
3e1e20eebc,1
3e1fdf9ec6,0
3e25629bf2,1
3e2780e44f,1
3e2828ef15,1
3e2fa3cd81,1
3e300c1814,1
3e380eca9b,0
3e3b7eb78b,0
3e4197b7f7,0
3e4595cb16,0
3e465584ed,1
3e482ef5b0,0
3e4a07acce,1
3e4e254640,0
3e4ecf275a,0
3e5395c54d,0
3e5428ea8f,1
3e5d43bd0f,1
3e5f8e66f7,0
3e62d5da58,0
3e64373a91,1
3e66106e66,1
3e6769f425,1
3e67b0ac23,0
3e687ccc44,1
3e69269ad7,1
3e6c5c599f,0
3e6dbad21b,0
3e6e943cc2,1
3e6ea4e05c,1
3e7555340d,1
3e76b7c524,0
3e7c84fe18,1
3e7e0933ab,1
3e817e0c9d,1
3e85039795,0
3e860ee2cc,0
3e8ada27f7,1
3e8c4f35f3,1
3e9246bd76,1
3e9a890453,0
3e9c5d1d69,0
3e9c9800ac,1
3e9e2265a8,1
3ea1a285c2,0
3ea1f96970,0
3ea4699826,0
3ea5ff0413,1
3ea87ccde3,1
3ea968fa41,1
3ea976e1b9,1
3eabf890d0,1
3eb008abdb,0
3eb0b49b1e,0
3eb229c0bc,0
3eb40b7925,1
3eb5f7edc3,1
3eb91cf2e9,1
3ebb184d50,1
3ebd500fa8,0
3ebed3b16a,1
3ec48a363d,1
3ecb944471,0
3ecbee0fea,1
3ecfe75bdb,1
3ed1192f36,0
3ed1a2ee13,0
3ed433f807,0
3ed7e56174,0
3ed8cd1bfd,0
3edc19464e,1
3edd2b99df,1
3edde40af2,0
3ee1fe6c5c,0
3ee29acf1f,0
3ee4f6b771,1
3ee861cf78,1
3ee904050c,1
3eeb7b4837,0
3ef20273c8,1
3ef36c6afc,1
3ef3fa23cb,0
3ef4fce9c6,0
3effd67d42,1
3f01400682,1
3f035c815e,1
3f0be82994,0
3f12bd2676,1
3f1443afdf,1
3f17971af3,1
3f1b360085,1
3f1c5fa009,1
3f1d58a1de,0
3f1edd1f11,1
3f1f026705,1
3f1f409e85,0
3f2106f841,0
3f210a948c,1
3f235e9048,1
3f24d09a39,1
3f28b18eaa,1
3f30d5b577,1
3f32ead9a8,1
3f357f37ab,0
3f3b12fc66,1
3f3b438ca3,0
3f3d62f5f1,1
3f3ead18b4,0
3f3fc2f1c2,0
3f41c62a7d,0
3f452ddb7a,0
3f4bea3ab4,1
3f4ece7748,0
3f4f9aa166,0
3f53b15446,0
3f57ba30d5,0
3f57df01a3,1
3f5a768f43,1
3f5d0fbd62,1
3f5dea921b,1
3f5e7bfd38,0
3f621d9ca4,0
3f68327f00,1
3f6edc9044,1
3f70c09e37,1
3f7135311b,1
3f7299f54a,1
3f736ced0f,1
3f74d436d4,1
3f74f5f880,0
3f77df09f4,0
3f78229ccc,0
3f787d45e9,1
3f793b942e,0
3f7a2c40a4,0
3f83d93c75,1
3f853b3df6,0
3f89d4da21,0
3f8b8640f1,1
3f8bf17df4,1
3f8c238aa5,1
3f9240928a,0
3f93a15ee7,0
3f974e4e09,0
3f9e44d011,1
3f9e94f9fd,1
3f9f33c4b4,0
3fa3320320,1
3fa4f5be71,1
3fa7becc88,1
3fae03022a,0
3fae5c7cc6,0
3fb010f785,1
3fb1b4ed95,0
3fb302a800,0
3fb5e72537,1
3fb73d8cf1,0
3fb8d64edf,0
3fb9d2c794,1
3fba00edd3,1
3fbecc4bb3,1
3fbf6f688c,0
3fc17c76d5,0
3fc30af46f,0
3fc75db3e7,0
3fc8814710,0
3fd44a2b71,0
3fd5577e92,1
3fdc1b3959,1
3fded2aae5,1
3fe11c7bf0,1
3fe27cb295,1
3fe5fb9363,1
3fed6419ee,1
3fee2b6d06,1
3fef07f5eb,0
3ff885a235,0
3ff936b215,1
3ffcd0f9c3,0
40017b4a2f,1
40027b4cef,1
400350d7b2,0
400e45d136,0
40130e5f70,1
401520952e,0
40190509c8,0
40194023bb,0
4024555e1c,1
4025c9d431,1
402e55395f,1
40332ee1a4,1
40382c5f38,1
4038608d40,1
403aeb0531,1
40414471cd,1
4043a72be5,0
40441ddfad,0
404b19c762,1
404d44da2b,0
404e65da47,1
4051d01883,1
4052238258,1
4052a0e7ef,1
4053a9818e,0
40558c798a,1
4055b26f52,1
4057bac820,0
405a65f12a,1
405c44b136,1
405d22cd70,1
406244f21c,1
406345f32d,1
4064003e91,1
40648c5dc4,1
4068371b3f,0
40695f6402,1
407d674fb1,1
407ea97c3e,1
408059b2c5,1
4081e78025,0
40849dea24,1
4085fcf400,1
408656c3ae,1
4089e49481,1
408b052f57,0
408b3077ae,0
408e0f6962,1
408fb31b1e,1
4099bbd39a,0
40a2cb8f1c,0
40a4e6cf27,0
40aae69477,1
40abf54973,1
40ac187ff3,1
40b31cb64a,0
40b975b7ab,1
40bb3d9624,1
40c00236c7,0
40c768b064,1
40cc814809,0
40cdd2b53c,0
40d1e26ca1,0
40d222bd51,0
40d23b9b7b,0
40d4a4f72e,1
40d679014d,0
40d7dbc799,1
40d89ae11d,1
40e5ecbdbc,1
40e7142a48,0
40e8946e36,0
40eacaaf10,1
40ed8006bf,0
40ee832637,1
40ef74c625,1
40f3f654ce,1
40f41cef92,0
40f82d857f,0
40f9f57051,1
40fbdddb2e,1
40fc683d2f,1
40ff6f543a,1
410997c328,0
410cb7e02e,1
410eb7609b,1
411113ad01,1
4112be35c9,0
4113a49611,0
411837cdb9,0
4118a4a274,1
4119ed4f16,0
4127485e87,1
41296a1687,0
4129dbd042,1
412b51082a,1
412da550a9,1
412f980cf2,1
41314506b9,0
41314f2657,0
4135280166,0
4135bff9ab,1
413a2d5a61,1
413b310869,1
413b319569,1
413f60c1a0,0
413f6b5810,0
4146eebabe,0
41479ce999,0
414865b84d,1
4149f67601,1
414eb2aece,1
414f36db03,1
41536f2e45,0
4155b1530d,1
415755394f,1
415ad91896,0
415d75a165,0
41618e9489,1
41687dbf9b,1
4175376165,0
4175ab0f1c,1
417690f5cf,1
4179012e50,1
417d8ceff0,1
417e5b056e,0
417f36ac22,0
418109c03b,0
41848be5fd,1
418621a46b,1
4187ca721e,1
418f569676,1
418fb68bf4,0
419057f8f4,1
4199f2f315,1
419c9e02c9,0
419ecbbfe1,0
41a3c917b3,1
41a4d531f3,1
41a577382b,1
41a6ef7057,0
41aa29de13,0
41aac669d9,0
41acd6ef86,1
41b034aaa8,0
41b52853b8,1
41b69a449c,0
41b7a5ef27,0
41c34fca49,0
41c47fa740,1
41c59a85f0,0
41caae2559,1
41cb00ee3f,0
41cc79e2cb,0
41d2538f22,1
41d5a26b55,1
41d5e31656,0
41d6b742ba,0
41d917ea56,0
41ddfe7174,1
41e01e16f2,0
41e371b0e1,1
41e65d775d,1
41e6f86534,0
41ea399f9f,1
41ef96a8f1,0
41efdaad35,1
41f5a7e0d7,1
41f9a09489,0
41fb5773e3,0
41fce0c5f9,0
41ffd86c80,0
420404fd64,1
4205cac3c1,1
420628e8be,0
42069d2722,0
4207b37e8a,0
420839f842,0
420d98e6dd,0
4214c2d797,1
4215457ec5,1
422433ee81,0
4225f71929,0
422aa8b0e8,0
4230732f63,0
423650eeb2,0
42367cd3ff,1
4236afcc0d,0
42372e9267,1
423ba4f4d5,1
423c66feed,1
4241170549,1
42450d2144,1
424b1d45fc,0
424c03248d,0
42503ceb70,0
4253955d62,0
4254da9866,0
4255184f13,0
42567ce172,0
42572ed6f4,0
4257fb64c9,0
425834c422,0
425dde9a87,1
4265742ade,0
4268ca4d17,0
426f604b67,1
426f84e687,0
4273bd4394,0
427c266e82,1
427ca70501,0
427cef35f9,0
4282d98408,1
428787f195,1
4287d3eb23,0
4289532167,0
428a1bf9eb,0
428a20cf81,1
428c970836,1
428e6aaf11,1
429093dff1,1
42996e446d,1
429f1a9099,1
429f4057c2,1
42ae1bf192,1
42ae3773b2,0
42af1c1952,0
42b0895440,0
42b5c6f43a,0
42b85c2b7b,0
42b90ced92,0
42c252eef1,1
42c2a164ae,0
42c30252fe,1
42c3144a6d,1
42c5f939fc,1
42c7e6d3bd,0
42d2449905,1
42d4bf50ea,1
42db340d28,1
42dc1c274a,1
42dc42da27,1
42e33490d5,1
42e6240927,1
42e6b3ba2e,1
42eae46399,0
42f486353d,1
42f6266aa7,1
42fb8b7560,0
42fce437d8,0
42fcf3efa3,1
430083784f,1
43035c18b1,1
4312747803,0
43162528ec,0
4319091bfd,0
43202b4b06,0
4322b11306,1
432370380c,1
4326ec0518,1
4329b2b46a,1
433716a511,1
433e3feb81,1
4348963173,0
434947577d,1
434bb952aa,1
43511aca1e,1
4353742653,1
4355b0b09a,1
435b2c690b,0
4361632599,1
43662bf468,1
4369af0502,0
4369e68ca1,0
436a2a91ac,0
436c4cb621,1
4370b4e858,0
4370f76961,1
4376e58358,0
4380c297f7,1
4381816ab6,0
43818d378d,1
4381e821cf,0
43822110d3,1
43859d2a9e,0
438cbf7836,1
438e3f92bb,0
439642c697,1
439b183b33,0
439f535339,0
43a8014e41,0
43ab94e715,1
43b02a0bfd,1
43b3721727,1
43b4814d12,0
43bb447f25,0
43c18a78a1,0
43c42715ca,0
43c4b63e71,0
43c63e38d3,0
43c68c44c8,1
43c9e4bba5,1
43cf86e8fe,1
43d011881c,1
43d2103028,0
43d23483d1,0
43d24881c6,1
43d3343795,0
43d8033be9,1
43da719d30,0
43dba220ce,0
43dd2bf713,1
43e53ef4ea,0
43e5faffc6,0
43e84e2046,1
43ec554c75,1
43ed1d6deb,1
43f47deca1,0
43f99db9af,0
44021553e5,1
44096416f3,1
4411f77058,1
4415c48dbb,1
44267425fe,1
442a25a34d,1
4430a365a3,1
4431ab5061,1
4432d1e7dd,1
4434e53552,0
44372ded2f,1
443c36800f,1
443d002878,1
443d8e6225,0
4445b0d561,1
4449f650e6,0
444e109d54,1
444e8b6f70,0
444fce2fa8,1
44503b6fd3,1
445a48c1b5,0
445c6aa204,0
44616e24ba,0
4461ca0e4d,0
4462130e31,0
4465720a1b,0
4467de6ef4,0
446c079529,1
446db39b46,1
446e3d2639,0
446f0a1660,0
447330da00,1
4477a65bdb,0
4479777ad2,0
447a0750b9,0
44805b2c7e,0
4486381d43,1
448a5bbf3b,0
448a64ba0f,0
44919a2413,1
4492b74493,0
4497f30210,0
449e9acb9b,1
44a3f80cae,0
44a618f09d,0
44a9c9ae42,0
44ad31fe1c,1
44b0b031de,1
44b1205e30,0
44b32bc4d9,0
44b48f9796,1
44b7aeb3aa,1
44ba4b4ae4,0
44bd2938c6,0
44be6f238f,1
44c9e10f1f,1
44ca460443,1
44cc6ba4c8,1
44d09ac74d,0
44d164336f,0
44d68b82dd,0
44ddd5f796,1
44ddd8268a,1
44dea39dcf,0
44e17d1feb,1
44e1e73887,0
44e3bb8ccb,1
44e535b1b8,0
44e8fd3ef3,1
44eaab86e7,1
44f6dd7092,1
44f6ecf179,0
44f8b5aac0,0
44fa4414f7,0
44fa457c05,0
44ffb3acb3,1
450132636e,1
4501bbfabf,1
4503591f28,0
451b91ece5,0
45202ad89d,1
452196d89e,1
4524c0f069,1
4525b6814e,0
452824e30e,1
4529dcbc23,0
452d13d3c1,1
452fb43f03,0
453193f6b2,0
4533139890,1
4548323d8a,0
45512a26d5,1
4558c7f9d5,0
455959bd7a,0
455ea34e56,0
456035f9c7,1
45689de610,1
456a601748,0
45746198c3,0
457827cba1,1
457b058f98,0
457ddc963e,0
457f822d7a,1
4580f6f7ce,1
45818ac4f7,0
45878a8f85,1
458819ae75,1
458975ddbb,0
4592b9b201,1
4593af21a0,1
4598b0e8fe,1
459b0c4a83,0
459baa2975,0
459ddcf589,1
459f31373a,1
45a3451839,1
45a359219d,1
45a6042f12,1
45a94d05db,1
45a94f532a,0
45a9aba11b,0
45ad354e67,0
45ad3a5f18,0
45b441d0eb,1
45b83244a6,0
45b9bb80d8,0
45bfa639a6,0
45c2150493,0
45c2a634fe,1
45c494fbfb,0
45c4b22f3e,0
45c636b4a6,0
45c808b24a,1
45c8c6857e,0
45cb49e5b7,0
45ceb03c84,1
45d016a0dd,0
45d2a06b51,1
45d6f9aa15,0
45dba7781f,0
45dc1e0cdb,0
45dd90ae22,0
45e1137d0b,1
45e749a13f,0
45ebc282bf,0
45ebe3333e,0
45ed82abad,1
45f06032af,0
45f0a7b9ae,1
45f15198bb,0
45f330983a,1
45f4ec77f2,0
45fd9e47bd,0
45fef2dc68,1
4600291440,1
4604925605,1
460772d4ec,1
460c212c8e,1
461e006cf7,1
46272cca06,1
462ac1008c,1
462ccffc38,0
462e5202f9,1
462e75f79b,0
462ea6118b,1
463285bd86,1
4636038d6b,0
4637f715e5,1
46388d6712,0
46391456b3,1
463b6112fb,0
463ba0b4ee,1
463f0098fc,1
4642af9c77,1
46452cc361,0
4646f78b6b,0
464c1d9379,0
464d1709f8,1
464d9ddd05,1
4651707312,1
465669a2ff,0
46593e7cfc,0
465aac2bd2,1
465c48f7eb,1
466202a2ee,0
46627e53d6,0
4668ec8c8d,0
466dd10284,1
466f99b231,0
46721604f1,1
46746d7510,1
4675291655,1
46753f8376,1
467903e8f3,0
467a46d83d,0
467dfcd789,0
468022e277,0
4682b53365,1
4684240857,1
46845927d2,1
468531e388,1
46887bd2dd,0
468c1ac1fc,0
46928a865a,1
469360961e,0
4696950fed,0
469ecf9258,0
469f169a8f,1
46a08696fe,1
46a11ac6a1,0
46a5c00f62,1
46abbf0849,0
46b5d7e6df,1
46be459709,1
46c3489b82,1
46c9c39d22,0
46cc83094b,1
46cca72dcb,1
46d3874a6c,1
46d5892fcf,1
46e02d46da,1
46e1d17071,1
46e335ab26,0
46e3bf8d39,1
46ea88542b,1
46f0584455,1
46f0ca6e4e,1
46f1e7a161,1
46f36572f3,0
46f520311e,0
46f5b8efe9,0
46fbd3b0ef,0
4703b35c53,0
470482614e,0
4704c86eaf,0
4708ba1217,1
4709279382,1
470cdf5826,0
470dd66008,0
470de8acf6,0
470faf2529,0
4710d37bf0,0
471910fa87,1
4722cbf4fd,1
47263c54e9,0
4727c367d6,1
4727cf0c1f,1
47287d68e4,1
472ac3c24c,0
472da8625e,0
4735424902,1
4737a57c4a,0
473d364e42,1
473fa97c3f,0
4740357942,0
4740e43a88,1
4741e1ffa9,1
4743f6d790,1
4744d457d9,0
4746679cfb,1
4747627761,0
474906bbb2,1
474d384fea,1
47663d93d6,1
47675317d9,0
476e15517f,1
47779990c9,1
47786aea23,1
4779c38345,1
47805eabcb,1
4780f1b0d8,1
4781466197,1
478365a1ac,0
4788f8141d,1
478913a03d,1
47891ebfce,0
478b08a50b,0
478bbeaadd,0
478c678a51,1
4792a479c6,1
47969b6307,0
479a0cf276,0
479a5adfc8,1
479ab16584,0
479bbfcdc8,1
479f574012,1
47a361d1f3,0
47a4e7656a,1
47a698d1ba,1
47a7674c29,1
47a8d0665f,1
47ab5ca079,0
47adc45f9e,0
47ae464d53,1
47b4f86537,1
47b57b8115,0
47c6cb00fc,0
47c72cab07,0
47d3789c4d,0
47d561ed32,1
47dc08e55a,1
47dd08216c,0
47dd597423,0
47df23e3fa,0
47e3ab5539,1
47e6aa5615,1
47e85f3de8,1
47eb3740f2,0
47ee6058d6,1
47f1f32c26,1
47f51b8e6b,0
47f7d13da2,1
47fa8b6091,0
47faf8c2d0,0
47fb3fdbeb,1
47fc695333,0
47ff511aa5,0
480594a647,0
48059e9531,0
480f18e1a8,0
481c304321,0
481dae30f5,1
482034f808,0
482490d1b3,1
482a40a0a1,0
482c8f0d52,0
4830be12f7,0
48316eda8a,1
48319da1f1,1
483c33fbf0,0
483ccf963d,0
483fa70dbf,0
4840cd5658,0
4843c45bb2,0
4844c82b75,1
4845e76b10,1
484ac660f2,0
484beb245f,0
484c9c0671,0
484d0fab25,0
48558bdcfb,1
4856b5160c,0
485904f684,1
48594d88d4,1
485a592806,1
485e7d1b23,0
4866babce4,0
4869364b2b,1
486cb6445c,0
487034667e,0
48714a2dcf,0
48790b978d,0
4879b6c0b9,0
4879d07c30,0
487b3be00e,1
487ea49c76,1
4882355cbb,1
48884174d1,1
488910f909,1
488eb998d9,1
4890a38dbf,0
4893bc23cd,0
4896608d35,1
489e3fa7c5,1
489ea06562,1
489fafa867,0
48a0f835fa,1
48a79ba283,1
48a9384a7f,0
48ad6da39e,1
48b0dd8d4c,0
48b7c75cd8,1
48b97fc1a1,1
48bb146436,0
48bb8163cb,0
48bbab1bd0,1
48be40cf03,1
48c0f00caa,0
48c2d8b412,1
48c54636e4,1
48c67d8f89,0
48c89de632,1
48ca5030a6,0
48cc287e06,1
48d02e5378,1
48da315436,1
48dc451f8b,1
48e538bb76,0
4906afb9b3,0
490ee91ca8,0
49117d6e6b,1
4913bb06b6,0
491aaf23b5,1
491c544e1f,0
491cde5c88,1
4920c12e73,0
49216de3f6,0
4926cd24fe,0
49272f9950,0
4929adb6e7,0
4931995f3d,1
4935ff80b2,0
49386b5f60,1
493980098e,0
493ddb0308,0
493e84511f,1
49469dabbe,1
494733d991,1
494814cf7f,1
4949cae556,1
494e965ca9,0
4950c7042f,1
495b34727d,1
495beffabd,1
4967d4b418,1
4967ea4552,1
496b7bf1fb,0
496b994a85,1
4975b28784,0
497619bf09,0
497c7c9080,0
497da28a5a,1
4981b5c307,1
49882df602,1
4988d2d6fd,1
498d3a2b23,1
498e714b09,1
499074946b,1
4998829732,1
499ab0b2cf,0
499e75eeaf,1
49a128ac0e,1
49a1f9a14d,1
49a60028cd,1
49a69aff84,0
49a8ae2031,1
49ab0523df,1
49af1f3f89,0
49b27eda20,1
49b2c543b1,0
49b3303e12,1
49b80bbe60,1
49b829156e,0
49ba0800b7,1
49ba3a2e36,1
49bcfef977,1
49c187e68e,1
49c19573ff,0
49c1d898dd,1
49c3588966,0
49c44dd23e,1
49c5a8e65d,0
49c5fd6900,1
49cb7b6502,1
49d2161957,1
49d260a1cb,0
49d26d5954,0
49da8f9e87,1
49e0e2e054,0
49e239263b,0
49eade90a5,1
49eed661df,1
49f2f9475e,1
49fa88338e,0
49fa9458ea,1
49fade7957,0
49fd65c030,1
49ff052bec,0
4a094f6eb7,1
4a0aa57c67,0
4a0cbb9d34,1
4a0f6d0c44,0
4a1059aa8f,0
4a12316e03,1
4a15344945,0
4a15467321,0
4a18621ad5,1
4a1b035e15,0
4a1b699c9f,0
4a209d34cd,1
4a2221e753,0
4a25758278,1
4a29e99918,0
4a2ca9b8f2,1
4a375c85fd,0
4a38ded3f5,0
4a3c7b68b1,1
4a3e3c3654,1
4a423cb378,1
4a449ed375,0
4a4c038466,1
4a5617582f,1
4a5c111c64,0
4a5e62166a,0
4a5fc01d90,0
4a602769e7,1
4a6628007a,1
4a6b47bb33,1
4a6d531789,1
4a6dda4466,0
4a70e6f854,1
4a77af03f0,1
4a79ce9aad,0
4a7acae79a,0
4a7eca6a7d,0
4a81a41de6,0
4a81b25dd8,0
4a8a8d9ca8,1
4a927d1910,0
4a92c4de46,0
4a97bec2b6,0
4a97df328d,0
4a98424044,1
4a98e1e2fe,0
4a9aa71c5a,0
4a9bbea8ef,0
4aa0f1e564,0
4aa437293b,0
4aa7cbc1da,0
4aa85d06d9,0
4ab0f36b0b,1
4ab1546e20,1
4aba40035a,0
4ac14e2454,1
4ac69804e1,0
4ac7a66766,0
4acc4340a6,0
4acf8a1c1d,0
4ad64f3fc4,0
4addd5b137,0
4ae0185661,0
4ae159d1fd,1
4ae76c16f0,1
4ae8d27019,0
4ae947cefd,0
4aea7615fd,0
4aeb740290,0
4aecaaf90c,1
4aeef57690,0
4af5e25325,0
4af6f6a412,1
4afaf10f67,1
4afb496610,0
4afff02848,1
4b00840f16,0
4b01440e21,1
4b02678ccf,0
4b0bd6a1e3,0
4b0c098fe4,0
4b0c8c5f54,1
4b0da7650b,1
4b0eb9d45f,0
4b0fb2f6aa,1
4b12be28fd,1
4b13d15bb8,0
4b16fd45de,0
4b17c3acde,0
4b1adea6a9,1
4b1f88ffca,0
4b23fbf389,0
4b248d3487,0
4b2984aec3,1
4b2c2e3300,1
4b2c5f8ab9,0
4b2e641657,0
4b30e6cc4d,1
4b31fcfdab,0
4b35cf3bbb,0
4b361953d7,1
4b3779d22e,1
4b37864397,1
4b39725885,1
4b39ea54ad,1
4b3cd27971,0
4b3d837b76,0
4b40f6372a,0
4b48da1632,1
4b4cfa7c5f,1
4b50c385eb,0
4b53bebe9a,1
4b58115dd2,0
4b5a287310,1
4b5cd2e95c,0
4b5f384a64,1
4b688fdbd1,1
4b6905150b,0
4b699ddef8,0
4b6f81224b,0
4b6fa42b7b,0
4b7594595e,0
4b7616aea4,0
4b77645e96,1
4b79feb88b,0
4b7b63a10c,0
4b7ce9c81e,0
4b7d1a8992,0
4b85b51469,1
4b86b3079f,1
4b8840fdc2,0
4b8b998693,0
4b90a31346,1
4b98f484e3,1
4b99074a2d,1
4ba1678fd2,1
4ba65e2fb7,0
4ba6b2943c,0
4bac9b0d4d,1
4bad5f1bd7,1
4bb1734884,1
4bb25117e6,0
4bb5aa218c,1
4bb5d60099,0
4bc2f4ff23,1
4bc47774c4,1
4bc6ff357b,1
4bccf7ec5e,1
4bd101ae2e,1
4bd71bd859,1
4bdab2fe09,1
4be299aea6,0
4be37b640e,0
4be940ea3f,1
4beb601442,1
4beb603365,1
4bed544406,0
4bf07d8971,0
4bf20fe93a,0
4bff028493,1
4c01146f4e,0
4c03725613,1
4c0ab05913,0
4c0d1e5f3f,0
4c0e6a51bc,1
4c1d31c096,1
4c212d5e16,1
4c27781f55,0
4c27e0e022,0
4c2977bee8,0
4c29c4846f,1
4c29d9bc9b,1
4c2b977282,1
4c2f840f2b,0
4c315cfc02,1
4c331537d5,1
4c3ba01ffa,0
4c3f312fb5,0
4c4213c87e,0
4c436297b1,1
4c4537d15b,0
4c457cc001,1
4c45dce91b,1
4c47329506,1
4c47d6b5a2,0
4c4bc5b4d4,0
4c4f2137ac,0
4c5d43f179,0
4c621080ac,1
4c649b5d7b,0
4c71f48901,1
4c728da633,1
4c73ce2b5d,0
4c741bc0bf,1
4c77984a38,0
4c7ebf14da,1
4c811b9591,1
4c81b968e6,0
4c81d96a89,0
4c829bd67a,0
4c87d2f8b2,1
4c8821753d,1
4c8bda22d4,0
4c8f875de2,1
4c93037357,0
4c9535f011,1
4c956d577e,0
4c970f93ee,0
4c9b51b26f,1
4ca4f2bc05,1
4ca8f26fc6,0
4ca92ed8d2,1
4cb053fdec,1
4cb1e3f461,0
4cb552c821,1
4cba5aaabd,1
4cbdc0f16f,1
4cbefd7bca,1
4cc03f38ac,1
4cc6e5a4a4,1
4cc9125ae6,1
4cc946c583,1
4ccce1dbdd,0
4cd0d2e96d,0
4cd497cf61,0
4ce159c487,0
4ce3ca8df0,1
4ce3e1c0d4,0
4cf0082775,1
4cf025c1a8,0
4cf20b14ce,0
4cf2acd412,1
4cf365cdf0,1
4cf39c1455,0
4cf4280075,0
4cf666b349,1
4cf6f342fc,1
4cfaf295ba,0
4cfb299e59,0
4cfbcdb3e1,0
4cfd224a50,1
4cffc00091,1
4d0184c1fa,1
4d029faab5,1
4d089d9d7b,1
4d08b4bdf7,0
4d09d49c7a,1
4d09f86e61,0
4d10b2ce53,0
4d15353608,0
4d15faf9b1,0
4d18fe057f,1
4d2e93c9e0,0
4d2f4f7e3f,1
4d3510a288,1
4d35d5c9bf,0
4d393ab5a9,1
4d45795aaa,0
4d4ce2fbd4,1
4d4e1f0d21,0
4d4fa69854,0
4d51624096,0
4d5203ed1e,0
4d527adb68,0
4d5434e2b1,0
4d556ea809,0
4d5a37e1bd,0
4d60177139,1
4d60d3025c,1
4d66a262aa,1
4d66c725d5,1
4d695aa93f,0
4d6a6784a8,1
4d6c15edad,0
4d6cd1d3b2,0
4d6f1c9fb2,0
4d75b63ba1,0
4d7853f848,0
4d7949db76,0
4d79b2db24,0
4d7b22cf2e,0
4d7d8b4bd5,0
4d7f05fd52,1
4d7f695b87,1
4d80b699ae,1
4d8372ea0b,0
4d86e46a21,0
4d879acb03,1
4d8864ed59,0
4d89265cab,1
4d8a3b6dfa,1
4d8afaaf9d,1
4d8f26e41b,1
4d8f92b5d0,1
4d96b118bf,0
4d9775c606,0
4da2ede904,1
4da4736007,1
4da4b95989,0
4da55fa541,1
4da5989e96,0
4da64ef3fb,1
4da6d7ceb1,1
4da82ac5e2,1
4daaf1923e,0
4db3c57b9c,0
4db3ef889b,1
4db9670aa4,0
4dbc1d3b0a,0
4dbcf4cf0e,1
4dbfa92186,0
4dbfdbf6d4,1
4dbfee49ca,1
4dc49419aa,0
4dc54cd69e,0
4dc86228af,1
4dd8a9a091,1
4de278f9ba,0
4de4618114,1
4de97c6f3d,1
4dec258d87,0
4decc7105c,1
4dee44b8ce,0
4df17295ce,1
4df18521db,0
4df3652778,1
4df96c204f,1
4e026876d6,1
4e03b60116,1
4e03e87c9b,1
4e0621872a,1
4e06e8979a,1
4e09867be5,0
4e0ee4f83e,0
4e0ee5be48,0
4e0f45ba46,1
4e11d8d6c8,1
4e12cfe8c1,1
4e17514b9d,1
4e1d798413,1
4e20d8e131,1
4e21632562,1
4e21c8bd7c,1
4e21fbe0b3,1
4e2757fd79,1
4e2aac9f57,0
4e2b1165b7,1
4e2ba57287,0
4e2d5da0ab,1
4e2fd5eb4b,1
4e327b5ae4,0
4e3782b38e,0
4e3a0ea575,0
4e3e043e2a,1
4e40d77cbf,1
4e44a14995,0
4e46cf1070,1
4e4cafd6a1,0
4e583e01c0,1
4e58cb1c08,0
4e58f1d270,0
4e5ad2c7d0,1
4e5afade0d,0
4e5b24180a,0
4e68ba1765,1
4e68e5f1be,0
4e6a038dbc,1
4e6c08a712,0
4e6d7e6117,0
4e6dd559dc,0
4e6ea516cf,0
4e70680cb8,0
4e75079784,1
4e755a4e68,0
4e772c5863,0
4e7b2ad633,1
4e7ff38d31,0
4e8225d7a4,0
4e8258439e,1
4e82948d88,0
4e83dcc6ed,0
4e84d3a403,0
4e85465445,0
4e869e5f08,0
4e872b622d,1
4e8a1b46fe,0
4e8ed3a4e9,1
4e93a396ca,0
4e95bd0465,0
4e9dffc97b,0
4ea518c352,0
4eb19c7fb9,1
4eb2947ba8,0
4eb2abaa35,1
4eb5878fc7,1
4eb78f655a,1
4eb80af8d2,1
4ebf6e53fb,1
4ebff57851,0
4ec2b23d23,0
4ec8b975ae,1
4eca294529,0
4ece33ecef,0
4ecff3f8db,1
4ed1651b02,0
4ed1fc9862,1
4ed2a06b31,1
4ed31d8d5f,0
4ed59fd8e4,0
4ed6d276f6,0
4edb51c6a3,0
4ee51e1eed,1
4ee5e81cba,0
4eeb0051fd,0
4eee308a15,1
4eef061386,1
4ef7b95019,1
4efd145036,0
4efea2908d,1
4f001d35d3,0
4f029d88c2,0
4f0a627092,1
4f0d32580f,0
4f11f8a147,1
4f174d6cea,1
4f1ba6fded,0
4f1e6149c9,1
4f1e984e77,0
4f1ff1165c,1
4f24d828e6,0
4f2908dc3d,1
4f2ab41099,0
4f2e47645b,0
4f30338e5d,0
4f30510107,0
4f3764105c,1
4f3dd0d6de,0
4f4076ada5,1
4f41cb7e11,0
4f46e79a1e,0
4f47744134,1
4f4ce53f97,1
4f51a0e056,1
4f549b3a00,1
4f5782a757,1
4f59c29dd7,1
4f605da366,1
4f61248148,1
4f639ecc39,1
4f6651a552,0
4f6bdf8ceb,0
4f70128338,0
4f77099b21,0
4f77c13bf4,0
4f7c55941d,0
4f7fed431d,1
4f81d442f6,0
4f822d4f6b,1
4f84644874,1
4f87b58c03,1
4f8990f1f7,1
4f93ac2a9c,0
4f9a4a471d,0
4f9f4ad0b1,0
4fa48348b2,0
4fa592b26f,1
4fa9358214,1
4fad2dffdc,1
4fad497d8a,1
4fae1a1815,1
4fb4cec21a,0
4fb9168c29,0
4fc214d135,0
4fc2ff96fb,1
4fc4f81d8e,1
4fcac16b3a,0
4fcf1fa1bb,1
4fd7fe407a,1
4fd8b50c9a,1
4fdc61784b,0
4fdd172d31,0
4fe30be7ea,1
4fe3642f2d,1
4fe3a3147b,0
4fe86d786b,0
4ff1a84652,1
4ffa3c55e5,1
4ffa931f8d,1
4ffccf5917,0
4fffdc6d07,1
50014882c4,0
5005a126d4,1
50099b58f9,0
500b4d2a79,0
500b717d7f,0
500b93f3e2,1
500d40c7a2,1
500faeb377,0
5012781a7a,1
5012d869a1,1
50153ea256,0
501a17ac1a,1
501cfab20a,1
5021066b58,1
5027acd715,1
5028f8dfb6,1
502f4ce515,1
5030030bde,0
50329486c1,1
50329909c8,1
50388e384d,0
504239badb,1
504523bd03,1
5046eddb7e,0
504bcdecfc,1
504c892677,1
504da05b34,1
504e059919,1
5051b6ef83,1
50572e43e5,1
505ac3f73a,0
505fee1590,1
50683388a2,0
506a658054,1
506b44ee49,1
506e3a9924,0
50734ca82f,1
50735f539c,1
507378c38f,1
507592329e,0
5077971f8f,1
50828dce54,1
508c2d85c5,1
5091e32a3a,0
5092d9213f,0
509360b537,0
509675d3ca,0
50982845d7,0
5099d99c02,1
509dd1f04f,1
509e474c8d,0
50a0c0afdb,1
50ad657c6e,1
50ae8d0f31,0
50b0ed2253,1
50b103528b,0
50b4bda6b6,0
50ba66eb39,0
50bc344f17,1
50be6a826e,0
50bed4d255,0
50c182e801,1
50c2c02c48,0
50c3bd4b1b,0
50c4a0e98a,1
50ca64a7ff,0
50d2a61e6c,1
50d964694b,1
50da7fd487,1
50da857d89,0
50df36e576,1
50e2520b2d,0
50e2a05372,0
50f11e8a11,0
50f17e4e97,1
50f56b8df8,0
50f6d0947e,0
50fcfe640f,0
50fe08bacb,0
50ffa65f9a,1
5103bcd537,0
510f76eaf4,1
510fcb6e99,0
51101cce16,1
5112343c65,0
5113c0c52a,1
5114daf09a,1
5115b7f3c3,0
51168621cf,0
5118c554f1,0
511b04ac1d,0
511be8e38a,1
511e84c2eb,1
5123a62375,1
51285e6312,0
512918c521,1
5133395300,1
5139183fb4,0
513c84e4f9,0
513dc0695b,0
51406d1bdb,1
514085b4cf,0
5141dff47f,0
5143459e64,1
51442563cc,1
5144a5eec1,1
514a0b962f,1
514c60c8eb,0
514db83c39,0
514ff9d0f8,0
5156f868a4,1
5157b73284,1
5160ce121f,0
5166b27d24,0
516b38a194,0
516c5f1160,1
516d026c59,0
516f2618bd,0
517398e5ed,0
51816e8c8d,0
51820cea1e,0
51834a0aeb,1
5185210495,1
5190ec76f5,0
5191aa50b9,0
5196d9e6ee,1
5198b9ac91,1
51990f9163,1
519c735477,0
51a3376ae5,0
51a6cd8cca,1
51a8a4fc0c,0
51a8e7b103,0
51a95c35ec,0
51ab47d974,1
51ad50c63a,1
51ad831829,1
51adaed529,0
51af4aefcd,0
51b0e738dd,0
51b115b4b3,1
51b1ea986f,0
51b2ddfe2f,1
51b61306d4,0
51b82c3302,0
51bad70c86,1
51bcea82e4,0
51bde16ded,0
51bea47191,1
51bfe3aea9,1
51c35a4650,1
51c3696bd5,1
51cc4bdc98,1
51cd6a2f90,1
51cf277c08,0
51d28b13ff,1
51d40ce7e3,0
51d6c54d6e,0
51da8f79db,1
51e5828738,1
51e9969e75,1
51e9fff5ee,1
51ebaf0f6a,1
51f228cfe5,0
51f30682dc,0
51f776b009,1
51f89357f0,1
51facbdd49,0
51ffc2bfb1,0
51ffc8f24d,1
5201ba578c,1
5202de2f88,0
5208543f6f,1
5209cf5280,1
520b4d0599,1
520bcf0f28,1
520c4c1ba2,0
520c9239b3,0
5210c6b7d4,1
5213413e7a,0
5213e982d9,1
5214480732,1
5214f43939,0
5216d3253d,1
5217602ac6,1
52194ec2ff,1
521a39bed9,0
521d2d2341,0
5228c98ed3,0
522b4a933f,0
522d882c08,1
522fb9814d,0
52352a8df2,0
5238d37830,1
5239c7f928,0
523ba41aa0,0
523babc97d,1
523bea2e66,0
523dcc3237,0
523ed321e4,1
5243c1138a,1
5244fb1f91,0
52453a6199,0
5246c34c83,1
524c1ac370,1
52550ee979,1
5255c10cbf,1
525712b0ef,0
5258efdb19,1
525d277cd1,0
5261523f4c,0
5263bc824b,1
52643d3994,1
52659ca8b7,0
526c03dbd3,0
526ca5de0b,1
52781356f1,1
527e77d2b1,1
52864743d4,0
528784aba7,1
5287fb203b,0
528b2715ae,0
52942cd12b,0
529651c70e,0
529c9625a3,0
52a6e3f07a,1
52aa28a71d,0
52afd77494,0
52b1f1d5ab,0
52b30ae48d,1
52b3d91a96,0
52b44574ca,0
52b74bbfe3,1
52ba0f8b0b,1
52bbfd6a5d,1
52bc6121dd,1
52bc7ac430,0
52be2987c8,1
52c2e211d9,1
52c6e73446,1
52c9c4e010,1
52c9efaaf9,0
52cac9b5c6,1
52cd2b0588,0
52d28604a9,0
52d48555fe,1
52d4be32be,0
52d4d02560,1
52d5fe4994,1
52dd353a2f,1
52e698cfab,1
52ee253f4c,1
52f179eacc,0
52f47fd101,1
52fa9ebd78,1
52fd77dcc5,1
5303260971,0
5303ee9fd4,0
5304d4d1d0,0
531178726e,1
5318971c39,0
5319ce1111,1
531b6f28ae,0
53205a895e,0
5326244724,0
532a7da7d1,1
532c604f49,0
5330d2792f,0
53319d51e5,1
5333c84193,0
533dacc062,1
53445d7a0e,1
5346f769b8,0
534804438e,1
534a0bef6b,1
534b6bd8e6,0
5350100215,1
5351e33205,1
53552f4ce3,1
53566269c2,1
53598d318e,1
535d7cfad2,0
535f37c72c,1
5361af6b2b,1
5363b2d17d,0
536491be7c,1
5365fdbee3,0
5365ff8fbe,0
536a8e02d9,1
5378dacb62,1
537a2fd8ea,1
537ba17a70,0
537ddb481c,0
53831e4a5b,0
5385817362,0
5389539908,1
538c8f5c2a,0
538d2f1f10,1
538d30ebdb,1
538e41c6f1,0
538ef9be29,0
53954755bb,1
539670c7c5,0
539c578aac,0
539ee3f26d,0
53a2eb496a,1
53a4503e25,0
53a767975c,0
53a9082d4c,1
53a94df305,1
53af6ed69b,0
53afb72fef,0
53b35162aa,0
53b72e940f,0
53b7577faa,0
53be531a40,1
53c5e39530,1
53c75fdbc9,1
53c8419ae4,1
53ca0a729e,1
53cb3e32b6,0
53cd4b913b,0
53d0b40b4f,0
53d84bb062,0
53de87ebb9,0
53e337be55,1
53e679c04a,0
53e86fc3f8,0
53ec590542,1
53ec839ed5,0
53fa6b14fe,1
53faf88afc,1
53fd36e4e8,0
53feb92d77,0
5402ac039e,0
5402ce83cb,0
5405e41453,0
5407560208,1
540c02b78b,0
540f3969ec,0
54114b281d,1
5411e4c25d,1
5413fa4070,1
5418fa6970,1
541d85a572,1
541f08da2a,1
542033820b,0
5423e8e125,0
54266e88fd,0
542841de4b,1
542a095936,1
542a952941,0
542d3325ad,0
54393a10c3,1
543a78e7a0,1
543eaebfae,0
543f71bc1a,0
543fff2ad1,1
5440a32360,1
54512d1c2c,1
545223631f,1
545832e623,1
545d9cd5d7,0
545edc7604,0
545f699b12,1
5461fe18e9,0
5464cca056,0
546724d72a,1
546b235686,0
54714a75a1,1
5473c5e87b,1
5475e3ecd7,1
547db1e75f,1
547df5e9bc,0
547ecdc296,0
5483167162,0
5483716dc6,0
5485051ca3,1
548d27a12c,0
548e0c13b2,0
549081e025,1
5493bf0d33,1
5494eb2e1a,0
54967acb78,1
549cf4f99e,1
54a00fbff9,1
54a0a8dafa,0
54a22cc577,0
54a6ac6ce6,1
54b56459ee,0
54bab941e1,1
54bd244482,0
54c21bd815,0
54c43666a9,0
54c88c4268,0
54d0203f5a,1
54d144bf79,0
54d5669544,1
54d90421a6,0
54dc406f06,0
54dceee9ae,0
54e0c6109c,1
54e111a91d,0
54e152cc8f,1
54e2eafc45,1
54e5187f9f,0
54ed71f955,0
54eef4e456,1
54ef59db73,1
54f2d7f2a5,1
54f3b6d072,0
54f9da5fb1,0
54fa8ac7d4,0
550070c3de,0
5504277fa4,0
5505554c01,0
55072c5672,0
5507b32082,1
5508cfc529,0
550b6a27da,1
550c253fc8,1
550d851c1e,1
5512bcd26c,0
5513a855a4,0
551a24d30b,1
551c75be75,1
5520722ffb,1
55267e5d82,0
552821fcb9,1
552ab913c8,0
552bb755e3,0
552e335149,1
5535fa84eb,0
553c9c36f3,0
554027e633,1
5540457fa5,0
5544789b66,1
5547752566,0
554956a450,0
5549e72bc6,0
554a6aab21,0
554b10f91a,1
555027ef1b,1
5554b68a88,1
55573f1555,1
555741ba11,0
5557e92f88,0
555d807feb,1
5563c497b5,1
5567bfd7a3,1
556fc0d113,1
5570ddb51f,0
557168ec6d,0
5571c465cf,1
5572910337,0
55738cb8c4,0
5577ca90a0,1
5579e64aee,1
557bac8b8d,0
557ea6d8b7,1
5587e55fb6,1
55892f8f68,1
558a658b08,1
558d944c5d,0
559229c901,0
5595ef474e,0
55980229a5,1
5599dc1fd7,0
559c5e2b36,0
559d272b49,1
559ebf131f,0
55a0e21bac,0
55a24706fa,0
55a9884afa,1
55ad7932ee,1
55b450b64c,0
55b518b383,1
55b6660a42,1
55b7830c9e,1
55b852f88d,0
55bb878e1c,0
55bdb442e8,0
55bfb4316c,1
55c41ffc23,1
55c69a0a7c,1
55cffa6dc1,1
55d2c75b14,0
55d41c683e,1
55d4b30439,0
55dd47c337,0
55dffa19b0,1
55e0e5f947,0
55e3d059ad,0
55e5eea0c8,0
55e7048765,1
55eb741bfd,0
55ed2ab6b5,1
55ed55a31e,0
55f61ff2c2,1
55fa5f7429,1
56011afd03,1
56099606c6,0
5612e2fe5c,0
561306f5e7,1
5616af0ac9,0
56179635d2,1
5619529361,1
562769b702,1
5628ca6cb5,1
562b9921dd,0
562dae85cc,1
562f956cd2,1
5632d85b4b,0
5633fb0ec5,0
5635bf8396,0
5636162dcb,1
563d0f7df8,0
563e9e729d,0
564035e457,0
56418a85f7,1
5641b8d298,0
5641e44ed1,0
5647ef6d1d,1
564823d210,0
5649e60655,1
564c02b714,0
564cf3f93a,1
564f691050,1
5650fe4fa0,1
56596975d9,1
5659b60a34,1
565c0bb9ef,0
565f7dc3be,0
565fa61747,0
5661df9ba3,0
56638c62e3,0
5665933258,0
5666b6e118,0
5669421974,0
566a466e5a,1
566a4a639a,1
566d412f9e,0
566fcf62ec,0
56714bc1c7,0
5675302356,1
567cb6e316,0
567cbe4f4b,1
5687896088,1
568826a2bb,1
56906e5eec,0
5690ace17e,0
5690bb9d08,0
5690ef1814,0
5691e5092f,0
5693bd0ce8,0
569ac97a3e,0
569b523810,0
569b88c543,0
569ba461cc,0
569ca44fd2,0
569cec5199,1
569e3ee2ef,1
56a7a9a899,0
56a874c8f2,1
56aeed5cfe,1
56b052b99f,1
56b3edd6a4,0
56b612d3f8,1
56b7a1fca7,0
56bc13c5c2,0
56bda98660,1
56be98b1df,1
56bf024228,0
56bf187186,1
56c073f8f4,1
56c27f5405,1
56c47fda39,1
56c7ee7917,0
56c8430dc8,0
56caa9d369,0
56cbac6716,1
56ccadbf1c,0
56d20b31f0,0
56d419ec6a,0
56da1b68fa,0
56dc279263,0
56dee0feda,0
56e24305ed,0
56e43a8d62,1
56e7608cfc,0
56ebdfa244,1
56f1492a3d,1
56f368dca3,0
56f3e9de0f,1
56f441606f,1
56f7e1bada,0
56fa43de64,1
56fa64a960,0
570526c30e,1
570720cfab,1
57078db184,1
570bfb1d3e,0
570cb5fd1b,1
570f893727,1
571241ecd2,1
5716323c49,0
57183d5650,0
5718d72f5b,0
57194baa32,0
5721de88fd,0
5725c9e41d,0
572686bbe4,1
572b193f07,1
5733e2623f,1
5737f1d3cc,1
573b2cb874,0
573bd4940e,1
573d6c2e17,1
5741c99656,0
5745d842f4,0
5748668c22,1
574a790452,1
574b1668af,0
574fa711ff,0
5755e75d9c,0
5756f5b182,0
575899f6e4,0
575bf82169,1
575f0a9bc8,1
57638ddf63,1
57697fec6f,1
576998628d,1
5769d3ef0e,1
576ba72b45,1
576bc66add,1
576ecbfbaa,1
5772124c38,1
577656830b,0
577b4cd223,0
577e436351,1
577f92c3fe,0
5780b7cb9c,1
57820d9ca9,1
57822373a0,1
578396826d,0
578700cddd,0
5787812021,1
578a0e0187,1
578b4e14c5,1
578ebe0b82,1
578f770489,0
578fd5beb5,1
578fde4729,1
579623fba5,0
5796d4134d,1
5797445dd1,1
5799e80035,0
579a385f31,0
57a313a882,1
57a7febaf3,0
57a974ba52,1
57ab6ddddc,1
57ab9ecdc7,1
57afdfb262,1
57bb542b43,1
57bb90c412,0
57bdff1e62,0
57bf0e5664,1
57bf3ad6f2,1
57c5c22b49,0
57c665dc17,0
57c7bc9eb7,1
57c8fedefc,1
57ccf35012,1
57cfbb2251,0
57d0146695,0
57d171b60a,0
57d27f1a80,0
57d361b79c,0
57d4ccfdc4,0
57d77a9d94,1
57d8930d63,0
57df14b163,1
57dfdfcbbe,0
57e403164b,0
57e83eac0d,0
57eb82e500,1
57ebb959fe,1
57edd91000,1
57eebb51eb,1
57f7128f46,1
57f9d4dcfe,0
57faf0c0e0,0
57fe7574d4,1
57ff2cef83,0
57ff84a4a7,0
57ffce543e,0
5806758f6e,0
5808874b3c,1
5808de2ee1,1
581041de6d,0
5811817ef9,0
5811c13902,1
581711214b,1
581a31b497,1
581a578b23,1
581f13fe8a,1
58210cbbb5,0
5823932d62,1
5828dbd917,1
582dab9a4e,1
582efebd34,0
582f6ce3b0,0
582fa73038,1
58305c6f14,1
583080f3af,1
5830aeda6d,0
5832de538d,0
5835fd5058,1
583af6e801,1
583c1b884f,1
5841b956ba,1
5843c209d8,0
58448a5d3d,1
5844d115c5,1
5846c8b7df,0
584a60d6ee,1
584e663939,0
5852727df0,1
5852a8bd21,0
58605b9c53,1
5861298d66,0
5867ab77b3,0
58695676ea,1
586b2261e2,1
586bf8d3c0,1
586e9b0917,1
58702871b7,1
58735e087b,0
5875209182,1
587594a6a1,1
58766f5ae6,1
587713a003,0
58813a8eac,1
5881da84a0,0
588b799211,1
588ce411a5,1
58909013ae,0
5893926438,1
5893f58ee0,1
589f497926,1
58a3e5b964,0
58a6808973,1
58a8ad894a,1
58a9b8a246,1
58af6adc53,1
58b03ece53,1
58b2b4b98e,1
58b383e401,0
58b7782875,0
58b7c93e9a,0
58c5ba045f,0
58c8ddd8b0,0
58cf336690,1
58d5c09d1a,1
58d6ed06a1,1
58dbcff863,0
58e767bc40,1
58ec1e41c7,0
58ee7182f7,1
58f44e3d5f,1
58fb0495f7,0
58fb0aef13,0
590ae568cb,0
590baf3a5f,1
5912280b67,1
5913433227,1
591991d708,1
59199ec596,1
591ab26333,1
5922708bd6,0
5923cf107d,0
59261b63c4,1
5926853aab,1
592a8607d6,1
592d8f9fd0,1
592e7c68c4,0
593461d0c7,0
593940204f,1
5939997200,0
593bf5a28a,1
593c8a7073,1
59483b71d9,0
5948ba8066,0
59497a1527,1
594a9fa643,1
594bb603bf,0
594de8cad4,0
594e321382,1
595633e8d7,0
595dcb8371,1
5963bb1214,1
5964f7c6ff,0
596680a805,1
596d4a979c,1
5977ca66b5,1
5978c0c7b0,0
597a5426c1,0
597bba7ac7,1
597df2a78a,1
597f8fbd72,0
59861a35b2,1
5988810ebd,0
598d5ed9dd,1
5994734eb4,1
59953d44aa,1
599762ae01,1
599ab614bd,0
599b95ca9f,0
59a0126237,0
59a0d33695,1
59a5988a67,1
59a5b06997,0
59a956bba6,0
59abb0c637,0
59aca41cff,0
59acc2458e,0
59b0443dad,1
59b5434980,1
59b749fd4c,1
59b94d37c7,0
59baf8b4fd,1
59bc258edf,1
59bf8dc67f,1
59c45cab0b,1
59cc89c89f,1
59d949c130,0
59e932e2c4,0
59ee730582,0
59f1ea7fec,0
59f1f4277b,1
59f4df6825,0
59f68ce743,0
59f6d6ec3e,1
59fdeac0b7,0
5a020bdb84,1
5a06ced72f,1
5a0704653f,1
5a099c65f3,0
5a0babe9bf,0
5a0c950e14,0
5a15389cde,0
5a16ff2b5e,0
5a179c0a68,1
5a1ad2b9cc,1
5a1b263dcc,0
5a1e1a177e,1
5a2392ca18,0
5a23a88e70,1
5a23df47e4,0
5a25f37940,1
5a266ea919,0
5a2c7699c7,0
5a32d1adc6,0
5a3336356a,1
5a336dba52,1
5a37c0b519,1
5a38d9ac1a,0
5a39eb9aa9,1
5a3c8eee90,0
5a3d62e43a,1
5a3dc155eb,0
5a43a4c230,0
5a445cc72f,1
5a4834fd2b,1
5a488f0161,0
5a4d485cf5,1
5a4d5c646c,0
5a51b79d6d,0
5a52693b02,0
5a53f67b23,1
5a54a54db5,1
5a6011ac8b,0
5a623f6f79,0
5a64af66be,1
5a652228af,0
5a664de975,1
5a6ae7808a,1
5a719c6f72,0
5a74e62df7,0
5a772db8ce,1
5a7b38a81c,1
5a83bf28e6,1
5a86e40056,0
5a898d51ec,0
5a8a504e4c,1
5a8c0e5b93,0
5a94655c4f,0
5a94696b26,0
5a98d1b411,1
5a9a7a9efd,0
5aa6a609b6,0
5aaa2a8e7f,0
5ab4f134df,1
5ab7ea2bae,0
5ac2e6d259,1
5ac577ec29,1
5ac5a22199,0
5ac772df1c,0
5acac89357,1
5acc927710,1
5ace24e048,1
5ad8f287b9,1
5ae2dd058a,0
5ae40c2a36,1
5ae728d6b9,0
5ae7b45912,0
5aeaf697e6,0
5afb7483aa,1
5afc45b044,0
5b040ac688,1
5b048f96d6,0
5b065dff40,0
5b0898783b,0
5b0a4c72d6,0
5b0ea8f3d5,1
5b0f2a8826,0
5b15418db9,0
5b17f7084a,0
5b1981fee7,0
5b1b5cd60d,1
5b2425d2b7,1
5b2dcf0581,1
5b2f6b4d56,0
5b30116e86,0
5b3585ab8b,1
5b3691b9b4,0
5b39716f3c,0
5b39868125,1
5b3b342d45,0
5b3b6e293e,0
5b3c5626b1,1
5b3ed359be,1
5b41ba5a9d,0
5b45582a69,0
5b45e5b063,0
5b4d5acf2d,1
5b54ae0d31,0
5b572deb35,1
5b5844bfbf,1
5b673b1316,0
5b6af9e0f2,1
5b71d84058,0
5b79aa1b89,1
5b8607d2b9,0
5b86c853ea,1
5b974c0ef4,1
5b9ad31080,1
5ba60dd75a,0
5ba6294624,0
5ba7d8c695,0
5babe9eb3d,1
5bafa2bcaf,1
5bb1d267a8,1
5bb4e2c29c,1
5bbc57e856,1
5bbe94b317,1
5bc03fc035,1
5bc2f7a822,0
5bc7b02d78,0
5bc92091ae,0
5bc953e6e2,0
5bcf519793,0
5bd84332ec,0
5bdc369c4a,1
5be436afd3,1
5be4c94a32,1
5be60b2d57,0
5bede94435,1
5beff7ecfc,1
5bf1026746,0
5bf2bbde1e,1
5bf898c44f,0
5bff55ec67,1
5c0179d1a7,0
5c0814f30a,1
5c0943627c,1
5c0aaa7647,1
5c0e341bc4,1
5c13868939,1
5c1429e31c,0
5c159311c6,0
5c15b0cc4c,1
5c16e6bc2d,0
5c189fcc8e,0
5c196d9625,1
5c1b2773e5,0
5c1b56e7ae,1
5c1c9f5e18,0
5c1f641737,0
5c23735b2b,0
5c29e0bf20,0
5c2cbd9997,0
5c308066a2,0
5c349dfd6c,1
5c35619634,1
5c3a077ec9,1
5c3ad0b098,0
5c3eb58bbf,1
5c40e366d2,0
5c42273608,1
5c439a08b3,1
5c45aaa945,1
5c46ad50bc,1
5c47e68589,1
5c4f64f8e8,0
5c522eaae0,0
5c523fc180,1
5c53532b82,1
5c56703382,1
5c5864cd24,1
5c5dbcfbce,0
5c6325eabb,0
5c64efae50,0
5c680ede8e,0
5c68a8ec11,1
5c6caf15ac,1
5c709d2e93,0
5c712603fd,1
5c732d50fa,1
5c79a05afe,0
5c7a3f45be,0
5c801ae8cf,0
5c819d05b1,1
5c8424e56c,1
5c848cdbd1,0
5c8b5c16ca,0
5c8b6a0936,0
5c90226616,0
5c92e3fec8,0
5c957edc44,0
5c99060888,1
5ca5469096,1
5ca7fc9689,1
5caa34630b,1
5caf09c8e1,1
5caf2f83be,1
5caf9f00d5,1
5cb06d59a2,0
5cb13f326d,1
5cb4254dd6,0
5cb9fcd8c9,1
5cbad3783c,0
5cbedb6411,1
5cc0552733,0
5cc189fdde,1
5cc3345d5c,0
5cc4f4051b,1
5cc8036f30,1
5ccb46ff18,0
5cce35272e,1
5cd07d6375,1
5ce3b9c4c8,0
5ce817ac77,0
5ceb50e725,0
5cef932f13,1
5cf390b97a,1
5cf84feb71,1
5cff3083be,1
5d01c40bc4,0
5d02a245f0,0
5d043e84fe,0
5d05bdb64b,0
5d0ce45c18,0
5d0dd61a0c,0
5d0e1d52a8,0
5d11375c6b,1
5d14e84202,0
5d154164be,0
5d1982e5f3,0
5d1c4ac8ab,1
5d1cdebef0,0
5d1d6d921e,1
5d1ec954f3,1
5d213a6117,1
5d25e176e3,0
5d2a3f0441,0
5d2cbfbd44,0
5d2e16f093,1
5d33ad33c3,1
5d37826ee6,0
5d394569c9,1
5d39e61a67,1
5d3ad6f1b9,1
5d3beed8a7,0
5d4119876a,1
5d4401f401,0
5d44a2be67,1
5d47b7399f,0
5d4966f666,1
5d49a1b8c1,1
5d4aa4f8c9,0
5d4d493619,0
5d5282f732,0
5d55627b96,0
5d5608d06e,1
5d5ca47727,1
5d5d063dfa,0
5d66206853,0
5d691301ea,1
5d69b9f14c,0
5d6d76c3a5,0
5d6eec0943,1
5d6fd7424f,0
5d74576035,1
5d74d0923d,0
5d764bb9b9,1
5d818d4cc4,0
5d81a23035,1
5d83ce11c2,1
5d851b12cd,1
5d85ce136b,1
5d87f5ca86,1
5d89a524b8,0
5d8a405144,0
5d8bbb3d73,1
5d8f2d06c1,0
5d8f9a5217,0
5d93c55a7f,0
5d93f5b3d4,1
5d96b2fd6e,0
5dab4d882d,1
5dae66ba10,0
5db12216e6,1
5db515232b,1
5db66286fe,1
5db6fb71d6,1
5db82a96bb,1
5db95808cf,0
5dbce92001,1
5dbd45e6ba,1
5dc27a3973,0
5dc3879869,0
5dc5a4a64f,1
5dc877e16b,0
5dcd706837,0
5dcea21c57,1
5dd014ae75,1
5dd2e4758f,0
5dd6db4181,0
5dd71125c9,1
5de1670ab3,1
5de2526dae,1
5de4e0d5a9,1
5de6310d32,0
5de6442c2b,0
5de805dcb3,0
5ded21b705,0
5deedf1b36,1
5df4ed3d2b,0
5df9a1b32c,1
5dff426494,0
5e072ff76e,0
5e0e2c5aa5,1
5e0f5b2446,0
5e0f9ea9ee,0
5e16e36012,1
5e17774864,0
5e19fe0993,1
5e1b8efc9c,0
5e2667e19b,0
5e2c7c8dce,0
5e2ecd4629,0
5e2f6e3b3f,0
5e4133191c,1
5e418baae4,1
5e4353f706,1
5e44728249,0
5e46c20381,0
5e481e1355,1
5e4a4b3e17,0
5e4cfbabef,1
5e4dfa4188,0
5e5105867a,1
5e515e184e,0
5e55c31081,0
5e56932bf5,1
5e5810f05f,1
5e5b3a6b00,1
5e5d91edf4,0
5e6bde7147,1
5e716ec5c0,1
5e75b631dd,1
5e7b3eaea7,0
5e80aa321e,0
5e84b9994d,0
5e866de972,1
5e87e06381,1
5e8ab476cc,1
5e8b9c462a,1
5e8e79b443,1
5e8f3e568f,0
5e92ae73dd,0
5e978580c2,0
5e9a9fb8c3,1
5e9e40cacc,0
5ea00a071f,1
5ea2c13751,1
5ea395382b,0
5ea900fd89,1
5eac416e1c,1
5eb09c0732,0
5eb316d2cf,1
5eb452c5f5,1
5eb5f9424c,0
5eb603aa7e,1
5ebf83ecca,0
5ed254bbda,1
5ed77f4370,0
5edbcc2b7c,0
5edeaf088d,0
5edfb9311d,0
5ee23213ee,1
5ef4f7143f,1
5efd79a5a4,0
5f0633bac7,0
5f0b335ec9,0
5f0c9bea3f,0
5f14a50281,1
5f15e857f1,1
5f1732295f,1
5f187cf6cc,1
5f1f6ca3b6,1
5f22788444,1
5f248828d0,1
5f284d6eba,1
5f2aa86368,0
5f2e56a5a2,0
5f306b87c0,0
5f4049c5d8,1
5f42b5a49c,0
5f4b42daae,0
5f4c65274e,0
5f4da8b5be,0
5f508dfdf4,0
5f51f19304,1
5f55b4e357,1
5f5d2c93b0,1
5f63bbca3f,1
5f63ee138b,0
5f641617c7,1
5f67cc7eee,1
5f682f99a1,1
5f690b61a0,1
5f6b0b9637,1
5f72072b40,0
5f7913b44d,0
5f7ad27659,0
5f7b8f71d6,0
5f7bd3f023,1
5f7c0d6c4c,1
5f80bcec2d,0
5f80d77e12,1
5f818ec261,0
5f85c99679,0
5f8b1eb8dd,1
5f94a41484,0
5f95ac106c,1
5f982fc3c5,0
5f9c77f362,1
5f9d317caf,0
5fa5a7876c,1
5fa908a7a5,0
5fabef9f98,0
5fb02a6407,0
5fb1f0c7c9,0
5fb329bd31,0
5fb6ecff95,0
5fb9849e09,0
5fbe7415c2,1
5fc23f1073,0
5fc4a2a08e,0
5fcb958a89,0
5fd766277d,0
5fd8be26e2,1
5fdbc26cd7,0
5fdcd67ce2,1
5fdceb74e3,0
5fde7c8177,1
5fdeb7cb26,0
5fe1760f74,1
5fe90de422,0
5feb9b25ea,1
5fedbbb0e0,0
5fee77ed29,1
5fefdea0c5,1
5fefec9235,0
5ff419a179,0
5ff9a10531,1
5ffc2f1f29,0
5ffd0de9ab,1
60025bb3d0,1
6006687763,1
600ad15bb0,1
600b839612,0
600c5f6607,0
6016e69844,1
6017352af2,0
6018eca7fd,1
601c0fda10,1
601cb8cb51,1
601da31f89,0
601e2d8689,1
60202eeafa,1
60250b700f,1
602555e153,1
602831e614,0
6029dd7795,0
6032d5d226,0
60334a976d,1
60370668ff,1
603f2fded5,1
6042aae7ed,0
60456b034c,1
60464bca40,0
6048c47c29,0
604aca2445,0
605db208f2,0
6062d5c525,1
6062ef0f64,1
6068962f76,1
606f7c9aaa,0
606fb07883,0
6071d098f0,1
607998ffde,0
607ad60c7b,0
607aeef295,1
6084e5b734,0
60855f5014,0
608ba86fa1,1
608cadcae1,1
6090698def,1
6095ae22ba,1
60988c16c0,0
609d1d0eea,1
60a1c09814,0
60a2b3c315,0
60a7152039,1
60a7220ec2,0
60b35534cc,1
60b77659b4,1
60b927196a,1
60bbe9630a,0
60bd09ff0b,1
60be530006,0
60c04aa0ac,0
60c3f24da6,0
60c5c2a6a0,0
60ccae57a4,0
60d020625c,0
60d36b8a63,1
60d54694af,0
60de4ce6e3,0
60ded95055,1
60e2572a99,1
60e3c8a356,0
60e459bb4e,0
60ee0a9377,1
60f1dc58ec,1
60f460ca61,0
60f4e42976,0
60f54da0ca,1
60f9083a13,1
60fec7d07b,1
610bd2a67b,0
610e4cb13c,1
610f5d592f,1
6112c5f07e,1
6113741546,1
611a7c9a06,1
611e5b4462,1
6122ba6ddd,1
6123d52a2c,0
61242e57a8,1
6124644f48,1
61278fb38c,0
612876757a,0
6128d404f7,1
61295ce528,1
612b2942a8,1
612b70fb35,0
612c2e970d,0
612d7fb0c0,1
6131749fc5,1
6137c66ab1,1
613fbbc3c0,0
6140300971,1
614522f877,1
614bb85578,1
615f1c50ad,0
6161947ab5,0
616395c7d0,0
6164d7afb6,0
616b8af471,0
6170e3c4d9,1
6172ba3fbb,1
6172f1effd,1
6173a8785a,0
6174554d1d,0
6174984c84,0
61798c879c,0
6179ea9711,1
61820c529a,1
6182650e66,1
61859e40eb,1
61868b3ed1,1
6189de2a26,0
61944b997b,1
6195425860,1
6195c79b17,1
61977006da,1
6197b5b641,1
61987e5145,1
61a2a26faa,1
61a81c4a74,0
61b1fbdee9,1
61b92cc5d0,1
61bcfb883f,1
61bd4b55cd,0
61c22792ea,0
61c3d7bfad,0
61c6a97f73,1
61ca8e88fa,0
61cee474ac,1
61d751f77a,0
61dc93465e,1
61e1427d3b,0
61e2d7ef6c,0
61e32e9016,0
61e448514b,1
61e45c0241,1
61e6f51002,0
61e96c38b0,0
61f1a58f87,0
61f6c0dfaa,1
61faf29f01,1
61fc200c57,1
61fe259e19,1
6205403b16,0
620651685e,1
620a38f109,1
62139c02fe,1
6217f74b3a,1
621880ca6d,1
621b099f6a,0
621dd7d4d3,1
621ee4064e,1
621f11dbe5,1
62218a2160,1
622aa232b6,0
622c0ae9ae,1
6230af0fba,1
62345cfa7e,0
62350c981c,0
62373a50ea,0
62378f5b2e,0
623a2ad44c,0
623ccdbeb9,1
623cfe8909,1
623f2cf4bb,0
6241c486a8,0
6243a8b860,0
624571867e,0
62465973e5,1
624f9affec,0
6250c2554b,1
625452ebd8,1
62565385b1,1
625ba10666,0
625d06407d,1
625df57340,0
6265e9d40e,1
626926af7d,1
6269e654fe,0
626b3aab9a,0
626ba6f41f,1
626d9df822,1
626f5e9004,0
6273249e7a,1
6273dd5668,1
6276af8ee2,0
6279492459,0
6279ea87f7,0
627b2d7123,0
627b80fa0c,0
627e273adc,0
6280e627ba,1
62875676d4,1
628d84cdaa,0
6292804d22,0
6297468766,0
629b9d0b87,1
629dafedd5,1
62a209d5eb,1
62a3170978,0
62a4b7dbf2,1
62a76eea01,0
62c0106ca8,1
62c073ae52,1
62c4a01124,0
62c57a2cbe,1
62c7cc1307,1
62c8e35316,1
62c9b5fcba,1
62ced7eb95,1
62ceeb12ec,1
62cfa464cb,1
62d1a73dcc,1
62d7bb181e,0
62d9c96dd4,0
62e95c1152,0
62ea85d1be,1
62eab59dd0,0
62ed1c0f9c,0
62edfb3cd4,1
62ef0c05a3,0
62efa17208,1
62f3bfb216,0
62f44e61ec,1
62f7ef6fb8,0
62fbf0d3e2,0
630151d33f,1
63030b8c90,1
630d8fb279,1
630eee66f5,0
63103dc190,0
63130ca030,1
6315de1cbb,0
631cf453eb,0
631eb4266a,0
6322065385,0
63222b81ae,0
632299f177,1
6329035091,1
632bfe3a68,1
6333ef3645,1
633ad230ac,0
633c725433,0
633f389e10,1
63416fe2d4,1
6341949c2e,1
6345936f35,0
6347c4cedc,0
6359a08a1d,0
635aacabd4,0
635c58289b,1
635fa20264,1
6362f077ef,0
63667d6f14,1
63688cc82c,0
6369264898,1
636d6d6616,0
636e550f99,1
636fb1fd14,0
636fce1742,0
6370e6bb1f,0
6378aa877f,0
6378fd3973,1
637b09fd15,1
637be7ce8e,0
637d649a8c,0
637d902a9a,1
637e84b5b0,0
638093ab8a,0
6384b32af8,1
6384d4eac0,1
6385c74fe9,0
63893ed746,1
638aeb3e17,0
6391fcd4c9,0
6392578ce8,0
63925fef54,0
6392b7b467,1
639312e422,1
63945ff79f,0
6395b50441,1
63976cbacf,0
63977c7aac,1
63a17b8c33,1
63a3f69681,0
63aa82ffbc,1
63afffa7a4,0
63bb196984,0
63bbc4de9b,0
63bdc9ab86,1
63bff3daa3,1
63c04df716,0
63c740f239,0
63c7778bab,0
63cf175d97,0
63cf62f321,0
63cf687ad2,0
63d02555a6,1
63d2166123,1
63d31beb2f,0
63d4ebb3db,0
63d6ef6572,0
63d8e4e179,0
63e16b468a,1
63e52d35d5,0
63e5cfaf17,1
63ebe56771,1
63edcbd79f,0
63fa7f3f8b,0
63fadb9423,1
63fea49143,1
6400f79dcf,0
64072d6cc4,1
640a05b141,1
640a6e27af,1
640e5e4b5e,1
64105965c5,1
6412209624,1
6414c54482,0
6416fda354,1
64189e290d,1
6421d4ca9b,0
642312f574,1
64254f20f7,1
642a0f10ba,1
64336951a1,0
6434ac62ea,1
6436a6d6bd,1
643f0dbe43,0
64403bc5f7,0
6440602e06,0
6444658825,0
64446fe4e7,1
64456ef4a1,1
644b00b142,1
644d9ae238,1
645124b706,0
64573212ba,0
645d7474a9,1
645fc5a39d,0
646024b0fb,1
6461271158,0
6462d3ef77,1
6464d8f9af,0
646df023da,1
646e1f60e1,1
6474ccd8c1,1
6475e72ab0,0
647bf7b73a,1
647cf14df9,0
64806b2fad,1
6483161d97,0
6484cd9e13,0
6486771f80,1
648a8565cb,0
648cb39dbb,0
648e5c37a5,1
6494efbec6,1
6495290f20,0
649803055c,1
64986ff8f5,0
649d6d0d27,1
649e7f3a81,0
649ed49a8c,0
64a01d244c,0
64a40e51bd,1
64aab051c1,0
64ac2a6e88,1
64afa23138,0
64b188cc9a,1
64b5cb1103,0
64ba8c6db4,0
64ba9cec9a,1
64c46a9ba7,1
64c51490fb,0
64c880e756,0
64cbb508e9,1
64d21e5488,1
64d5316392,0
64db4b0ad5,1
64dc3a5b11,0
64de7a3164,0
64e0ac0770,0
64e31ae12c,0
64e36fbef6,1
64e63cdf9d,1
64e7aa8d73,1
64eb8cb50b,1
64ec5388ab,0
64f491936f,0
64f76f87af,0
64f9a8d86f,1
64faa60402,1
64fb5c7a20,1
64fbc24764,1
64fc7d9dec,0
6500839bb9,1
650444ef12,0
65047389e6,1
65051a9c46,0
65087be684,1
650c1a9c3c,1
650ccc0693,0
650da67275,1
650dafdbac,1
650ed9ce96,0
651420d565,1
6516247338,0
6518d43d86,0
651bf72faf,1
651dbcd23b,0
651e83f33c,1
65213978bf,1
652559f0fa,1
6529c2a1a5,1
652a596471,0
652d1b6510,0
652de49218,0
652e1dba79,1
652e846ce2,0
652f2d9f96,0
6531134590,0
6531721f83,0
653767aa4f,1
6537c64069,0
65384b9c9a,1
653b2812a2,1
653c948943,1
6542fc5b22,1
65460d4c0b,0
65468b6c0f,1
654ccf339f,0
654d0a807a,0
655083f4b9,1
65548c09ab,0
655976f406,1
655996598d,0
655b011aff,0
655d40db43,0
6567b33f07,0
6567e94cab,0
6568b2b8b1,0
656b8e1ef0,1
656ed247d8,1
656ff0daee,0
6571bfa654,0
6571e85ded,0
657917d426,0
657a01944b,1
657a9ca31a,1
657afd06f9,1
657b49b60e,0
657d456d33,1
657e9b13de,0
657f863ad2,0
6585781ca7,1
6585d218b3,0
658645f27c,0
6587fd07e4,0
658816d0c4,0
65889d7fde,1
658a514640,0
6592af4d0f,0
659449d052,0
6596567cc9,1
659fd77053,1
65a449ce35,1
65a5437dba,1
65a6c059aa,0
65a7286f2b,1
65a76035b2,0
65aaadf08a,0
65b14f2f01,1
65b2c1525b,0
65b563ef7f,0
65b71f19e7,1
65bc3ad002,0
65bc59ed84,0
65c741dbf4,0
65c986e6d3,1
65cbe10d07,1
65cc49e0e7,0
65d19e935d,1
65d5cbc35e,1
65d7f179b2,1
65d833d70d,0
65da7f5f4d,0
65dc178d21,1
65ddf45e46,1
65e002e40c,1
65e01c6a0f,1
65e0a2d836,0
65e23926e7,1
65eba75f00,0
65ef1ae7d1,0
65f0559d71,0
65f161661c,0
65f517d1af,0
65f5feb88f,0
65f93a6c70,0
65ff4818ff,1
6601cf7d7f,1
660a48d005,1
6610319bac,0
661523656b,0
661715c003,0
66198fb33a,1
66242da6b4,1
662a73f441,1
662badffc9,1
662f7bd683,1
6631965954,1
6632f2d286,0
6633c783fc,1
6642f68b81,0
66430bde0d,0
6643179240,1
6644af0de5,1
6645007843,1
6647b5546c,1
664823e5c7,1
664afaea6d,1
664e1c434b,0
664ffae005,1
66527bb93d,1
665568e0c1,0
6657f23fea,1
665f53029c,0
66604ef6e2,1
66622f5d9b,0
666438e6dc,1
6667bb735c,1
666b3361bc,0
667213b7de,1
66743fb305,1
6675ddcf73,0
6675eb242f,1
667762b760,1
667778cd6d,0
667cb166da,0
66898a4389,1
668bd75ff5,0
668fa7fbd7,0
66921c47fd,0
6698ee7701,1
669ab587c1,0
669c4d58f0,0
669d854a6c,1
66a53d675b,1
66a9707aee,0
66aa50d2fa,0
66ac1c14ea,1
66ad6a621e,0
66b1285987,0
66b2d4c224,0
66b68ab70e,1
66bd5c5242,0
66bed4b0a2,1
66c318bfca,0
66c5911393,1
66c6a83241,1
66c90be14c,1
66c9381878,0
66ccffe6f0,0
66ce8a19d1,1
66d01331ac,1
66d1f02124,1
66d3650fd8,0
66d6d2b985,0
66d6d3beb6,0
66d91d40d2,1
66dc0d088e,0
66df6134da,1
66e121a0a8,0
66e127a2b3,1
66e7a49586,0
66e8c48365,0
66ea24fc5a,0
66ea9a3a18,0
66ee4696f3,0
66eeb0b16d,0
66f0bae3f7,1
66f2314059,0
66f2385e23,0
66f5ddb629,1
66ff55a472,0
66ffc3d7b2,0
6702a2270a,1
6707cc3d38,0
6708bfa463,0
6710c3fff9,0
67112998b2,0
6711ad91d0,1
6711fe57f0,1
671a6158ec,1
671a891afe,1
671e71a0e1,0
671fba34a3,0
6722726a3b,0
6722c2673e,0
6726004f70,0
6728c6d4f2,1
67299bc60d,1
672e7a51ca,0
673145ce86,1
6731fc7201,0
6732a7e44e,0
6732ff8faf,0
673760e0ba,0
6739d66da9,1
673da8723e,0
673f18a33e,0
673f4d990b,1
67431798b5,0
6748bb4b0d,1
674d4caf36,1
674fd00477,1
6752b1dc3e,1
675669cf70,0
67579afa15,1
675974fbed,1
6759771e03,0
675e18340b,1
67608576ba,0
676284a830,0
6762fcfe12,0
6763758154,1
676380eaba,1
6767fa64a3,1
676b7673da,1
676df87b0a,1
6770fdbfe5,1
6771fe8da5,0
677ca3f6aa,0
67809729b3,1
67837df7e7,0
67934f0b55,1
679cffb511,0
67a1965bfa,0
67a28c9ddd,0
67a2d7fd87,1
67a538c70e,0
67a8c1532e,1
67a934c654,0
67a9a0af36,1
67b0671a09,1
67b211ec94,0
67b42097dd,0
67b7349d05,1
67bc76784b,1
67beb7903c,0
67bf725ca5,0
67c10aedee,0
67c138d36a,1
67c2e5a163,1
67c3f2fd98,0
67c4c2e89a,1
67c86c9a43,0
67ca2e6058,0
67cae33998,1
67cb9b772b,0
67cf3947f6,0
67d151a647,0
67d21a2888,0
67d4cb4860,1
67d744bae5,1
67d7db29c3,1
67d950834d,1
67e002a8e8,1
67e12fef2a,1
67e76f15b8,0
67ea8edf39,0
67edbf434a,1
67ef831e69,0
67f13e0503,0
67f1789ae4,1
67f3adec5e,1
67fbf61a35,0
67fd1df3e8,0
67ffb4c849,0
6807ad4d7d,0
680987c25c,1
680db1f3af,1
680e13159f,0
681f755b91,1
68243b9c21,1
68263edd34,1
682a8cb16b,1
682d2f327b,0
6831214d28,0
68337b0c82,0
683436122d,1
6834a54a17,1
6834f6320a,0
68352869d4,0
6835f1c877,0
683eaac42c,0
6841accd0b,1
6842aea094,0
6842c00ecc,1
68436611d9,1
6847e9995e,1
684934217d,1
684a77b05b,1
6854afa8a6,0
68565a99d5,0
6858bb671e,0
6859938483,0
68619ce260,0
68647d9c7c,0
686518dce5,1
68652a56d7,0
68667bff56,0
686ba5c1d4,1
6870feb646,1
68765e7c9b,1
687731e6d9,1
6878f6b588,0
687c943d69,0
687dd8a004,1
687f9b3d59,1
6881580694,0
6881fe1b71,1
68825b17d4,1
688393143f,0
688570e3a5,0
6887295896,0
6887d9877b,0
6888c8020a,0
688a2a93a8,1
688f74ac8f,1
68940209c7,0
6895237c09,0
6895586809,1
689671acce,1
689af6ad76,1
68a12dea1b,1
68a6191a68,1
68a6b219f3,0
68a7f8cc78,0
68a85bf3ce,1
68abb1fe95,1
68b0d7e8ed,1
68b4f2df11,0
68b91d3977,0
68ba48b210,0
68bc313ca4,1
68bd7967f9,1
68bf2f54c4,0
68c14e9434,1
68c36289a2,0
68c86fa4e2,0
68ce0edb44,0
68d1ad2a84,1
68d35c33fb,0
68d5d17500,1
68d8c90cf9,1
68dc81b016,1
68e2467818,0
68e34b0c38,1
68ecffe581,0
68edf766b3,1
68f0edc8df,0
68f36ae254,0
68f59c2e90,1
68f5e9bb03,0
68f5fa3c94,1
68fb6ec2bb,1
68fed38bb2,1
68ffe80e10,1
690186c228,1
6906ef7a99,0
690c18a14c,1
691b15ef60,1
691c1cb36a,0
691c5df499,1
6920aa89d4,1
69219bb32f,0
6927897cd5,0
6929cf03b7,0
692e999c27,0
69327472cb,1
6936bc60b8,0
693e62e82f,1
69422a5abc,0
69442df6d0,0
69458eb822,1
695749f7e9,1
6957d3edaa,1
695d79a96f,1
695daf3de3,1
696031985d,1
6969cf0e4f,1
696cb29354,0
69700be041,1
6974803820,0
697d44848e,1
697da83df6,1
6982915a88,0
6984cf4d7a,0
698802e455,1
6988088b6e,1
6988bda96a,0
6988de724b,0
6989a59a20,1
698a7cb193,1
698db1d136,1
69995f3e11,0
699a17c57c,0
69a8fd224d,1
69a956c044,0
69aa45609b,1
69ac3e37ea,0
69af00f986,1
69b48f1565,0
69b5493b83,0
69b83840b7,0
69ba10ce1f,0
69c116b6fa,0
69c3fef5c1,1
69c7b7bd96,0
69d01bb86d,0
69d287d2cc,1
69d3392852,1
69d7ee201d,1
69da4e66cf,0
69daa4ab36,1
69dd332318,1
69e392e65b,1
69e68559e4,1
69e9eede4d,0
69ec18c3f4,0
69ede54b73,1
69f4ec4d90,1
69f7a7f44c,1
69f858db93,1
69faff3810,0
69fca6c786,1
69fd78b5cc,0
69fe648814,0
69ffe12d2c,0
6a0017897e,1
6a00cf5ca8,0
6a0176044e,0
6a02a88c1a,1
6a02d083e0,0
6a05d1c805,0
6a092745f6,0
6a0d5ea3f0,1
6a14a728a1,0
6a16b0adec,1
6a1711f5c5,0
6a1d492c20,0
6a20f9801b,0
6a2be539e2,1
6a32192e91,1
6a33dd8d0a,1
6a36a57d74,1
6a3816b53f,1
6a39af5f0d,0
6a3ab38d97,0
6a413231ca,1
6a41849ee7,0
6a46b5f59a,1
6a49111165,0
6a4af5b200,1
6a4be99b52,1
6a5528a216,1
6a58bd6817,0
6a5918156c,0
6a622073d1,0
6a630e5575,0
6a67015ce0,0
6a6784a6f1,0
6a6aeb45af,0
6a6b36fff2,1
6a6bcccd69,0
6a6bfdee2d,1
6a6e565bd8,1
6a7457d1ed,1
6a76cd3163,0
6a78d1ae91,1
6a7ef01ebf,0
6a7fb8c0cc,0
6a809ad699,0
6a81865e46,1
6a8fa18448,0
6a92d274a4,1
6a93284d80,0
6a94c4c734,0
6a9e9993ef,1
6a9fcb0cd3,0
6aa3725844,0
6aa74bbce1,0
6aa923fb7e,1
6aabd71b94,1
6aad900f69,1
6aaef9d91f,0
6aba8896f6,1
6abae9dd85,1
6ac023a5e8,1
6ac8537561,1
6ac938de0f,1
6acc414539,0
6acdcee4db,0
6ad09a1b4a,1
6ad481383a,0
6ad4b09ee0,0
6ad7b9123e,1
6ad8175f25,1
6add52e1ed,0
6ae0a45f92,0
6aed8cfd9d,0
6af361a2af,0
6af6953cd2,0
6af86c5c81,0
6af994e977,1
6afb7ee604,1
6afc187ee4,1
6b005eb417,1
6b0f20b8fe,1
6b0fa3a3b2,0
6b10598649,0
6b141785c1,0
6b165a8392,0
6b216d9a59,1
6b24728e41,1
6b24c02e3b,1
6b289b41fc,0
6b29c136db,1
6b2ab24a50,1
6b2d9339ab,0
6b2fce9495,1
6b334c275d,0
6b36319fe3,1
6b36f45cbd,1
6b37643669,1
6b3a43a147,0
6b3f07b340,1
6b402eec72,0
6b4d58d438,0
6b4dc654f1,0
6b5257d3b3,1
6b5939b958,0
6b597f1c43,0
6b5b269de6,0
6b5c638e87,1
6b638efa8c,1
6b6459be81,0
6b65d19146,1
6b6940e7f3,0
6b6afd8262,0
6b711907f7,0
6b715772af,0
6b72e65251,0
6b77c9cc89,0
6b78606455,0
6b7b3bf02b,0
6b7bf230d2,0
6b8086ab9b,0
6b836f7af1,0
6b84d230cb,0
6b87272702,0
6b877b8d0d,1
6b8920267d,0
6b89a5b2d1,0
6b89f92a32,0
6b8d7f7de9,0
6b90980cc7,1
6b910f8741,1
6b983fcfb9,1
6b9b731127,1
6b9be33580,1
6b9bf78cf2,0
6b9e1a35c6,1
6b9f2a4368,0
6ba00e348a,0
6ba2c1570a,1
6ba6666df4,0
6bab73eb85,0
6bab78afb9,1
6bac0027b6,0
6bacfadec9,1
6badd839e2,0
6bafb24f07,1
6bb2f0fed7,0
6bb437fca3,0
6bb95ee94c,1
6bbf61f932,1
6bc34daadf,1
6bc5af7473,1
6bc79deea8,1
6bc93cdc6f,0
6bd2ba5434,0
6bd79b9434,0
6be0089639,0
6be6c22f3e,1
6be73aebaf,0
6bede8622a,0
6befc2ae7c,0
6bf2434a6b,1
6bf58b22a8,0
6bf608c2c0,0
6bf92c624f,0
6bfdfe7147,1
6c024314fd,0
6c029f5a9c,0
6c08f65e5f,0
6c09968d41,1
6c0e158e2c,1
6c17307c19,1
6c1fe15fe8,1
6c20783db3,1
6c23d9fb7b,1
6c24b95806,1
6c27cb78a7,1
6c2e5d4558,0
6c2f115135,0
6c30747189,1
6c3247b470,1
6c34d373e7,0
6c383e22f4,0
6c3982e003,0
6c3a189b92,1
6c3b9e81c9,1
6c3f4a6871,1
6c41e1c66e,0
6c4a2e8632,0
6c4ce45805,0
6c5279170a,0
6c53c17c46,1
6c54d50b06,1
6c55500be2,0
6c5ad1054c,1
6c5f4d58b8,1
6c5fa1cfec,0
6c61499938,0
6c6259a87d,0
6c63724239,0
6c684e91f3,1
6c694cf186,0
6c6acfefb2,1
6c7470e825,1
6c789b5700,1
6c79106867,0
6c7be422da,0
6c7d4d4702,1
6c8299ae98,0
6c83cc0ab7,0
6c8b9cb55c,0
6c8d573c15,0
6c8f601d08,0
6c9696de4a,1
6c987cbca6,0
6c9c700c1d,1
6c9d6b578e,0
6c9dc9eafe,1
6c9e09e72c,1
6c9e5b2584,0
6ca04bbf09,1
6ca2d64a00,1
6ca44b6e95,1
6cb1dd16e9,1
6cb2635c40,1
6cb6aae4d5,0
6cbc63db6f,0
6cbcfbc133,0
6cbd12399c,0
6cbe382cb8,1
6ccdfbe418,0
6cced54815,0
6cd3a7aa5d,0
6cdc98c450,1
6ce45b8f82,0
6ce7ef8a24,0
6cea02e40e,1
6cefa07ef7,0
6cf94d6bec,0
6cfdd154c6,0
6cfded311a,1
6cfe46448d,1
6cffd34e35,1
6d00d3ef04,1
6d01f241e5,0
6d021b56a1,1
6d060d75b1,0
6d061ab60a,0
6d0aa4b91b,0
6d0b43834f,1
6d14f75d1b,0
6d15dda696,0
6d1e8326e7,0
6d22d37fe7,1
6d28a56cbb,0
6d29058afa,0
6d2a64be36,1
6d30406b83,1
6d361f9bfc,1
6d3909755a,0
6d3ae22790,1
6d3ce3c69a,0
6d406994b1,1
6d4148e836,1
6d45684e56,1
6d45d4c929,0
6d46181ee9,1
6d4fa5740a,1
6d51e8bda2,0
6d533799cc,1
6d560514ca,1
6d5fddfae0,0
6d6232607c,0
6d624318a8,0
6d644e6507,0
6d64be36ac,1
6d6e3a80ca,0
6d71f5720d,1
6d744b00a1,1
6d74a48d00,0
6d764d292c,0
6d77dcc2bb,1
6d7bfb5bd8,1
6d844a0a31,0
6d8ba313c1,0
6d8bfcc77b,1
6d8c593a7e,0
6d9b63e23f,0
6d9f4be474,1
6d9f758e54,0
6da3f9c4f5,0
6da4a86657,1
6da65a8588,1
6da7905bc4,0
6da8914af3,0
6da9cc855d,1
6da9f3452e,1
6dab971d79,1
6daf7dedb4,0
6db02d4d52,0
6db36f18f7,0
6dc6f76870,1
6dcb8219c4,1
6dcc190267,0
6dd326bf67,0
6dd4ccc72d,0
6dd85f1465,1
6ddaf230a0,1
6ddbfca493,0
6ddcf21e77,0
6ddd9ccbf3,1
6ddf1bcbda,1
6de2a4a295,0
6de4dfbaa1,1
6de6af4d07,1
6de9aef73d,1
6ded3c2222,1
6defc92063,1
6df2e35357,1
6dfd052318,1
6dfeb02397,0
6e077e29c3,0
6e08dac6f0,1
6e0a549906,0
6e0d89b534,0
6e0ed5c75d,1
6e165c7681,0
6e17bf4cf8,1
6e1b2b7376,1
6e1cea5895,0
6e20384115,0
6e2215a665,0
6e286cf075,0
6e29edf35c,1
6e30bf7f75,1
6e310fffdc,1
6e3205366d,0
6e348c6f43,1
6e35c720e0,1
6e35d509fa,1
6e406c050f,0
6e49f3ca9a,1
6e5ea1ed8f,0
6e5eedbd0c,1
6e645b054b,1
6e64c70e6a,1
6e6625f224,0
6e67a6658c,1
6e6d6b1eb5,0
6e6e049f59,0
6e712440c9,0
6e73660ba4,0
6e76482c3c,1
6e794ec833,1
6e85a100df,0
6e8960d848,0
6e8cb6da5e,0
6e90139588,1
6e926738c9,1
6e9401addf,1
6e94d80dc0,0
6e9528ebd0,0
6e9788a2b8,0
6e9a6d9cfe,0
6e9ac28dc3,0
6e9bd2c580,1
6e9bf2a14e,0
6e9c06a677,0
6e9c7500a8,0
6e9e13c3a9,1
6e9f665901,1
6e9f8530bf,1
6ea3c9255e,1
6ea3c9d307,0
6ea508abf5,1
6ea672def1,0
6ea82f5946,1
6eb0a2c3c1,1
6eb0cf64c0,0
6eb135739f,1
6eb5818219,1
6ebc43a0a3,0
6ec1d73060,1
6ec2b04daf,0
6ec9945b6a,1
6eca4f31aa,1
6ece304e88,1
6ecf126eeb,1
6ed2293cdf,0
6ed3daccea,1
6ed64c5335,0
6ed70df15b,0
6ed76d099e,0
6edc1c8925,1
6edd453aa6,1
6edfd7c3cc,0
6ee7971d57,0
6ee8c90f39,0
6eeb1ddc12,1
6eee094e93,1
6ef05915d3,1
6ef49a410e,1
6ef4c8399b,1
6ef7f235ac,0
6ef91c5fa1,1
6f01c2d8cb,1
6f04704c6d,1
6f088e74e8,0
6f10d41a3b,0
6f12cb78d5,1
6f14941768,0
6f1638126d,0
6f16cb9067,1
6f18e9452c,1
6f1bc2d454,1
6f1c47c95a,1
6f1cf08995,0
6f228e2b43,1
6f2577386d,0
6f28930292,1
6f2fcbaf2c,1
6f33eb774a,0
6f359afb38,0
6f35cf98db,1
6f3c98e459,0
6f40ed3b6d,0
6f42cfdf65,1
6f4a3df360,0
6f517d190c,0
6f53112d05,0
6f580bfce2,0
6f593e9e7d,1
6f5c28eb69,1
6f5c6930b3,1
6f5e2f8214,0
6f5ebdff8a,1
6f6046b299,1
6f643ce324,0
6f65158a09,1
6f68ed5450,0
6f6fbdaf49,1
6f70a94c00,0
6f7254176d,0
6f72bc4dfa,0
6f73c413df,0
6f7541f698,0
6f79771aa4,0
6f79934ba3,1
6f7e982901,0
6f7fe4f998,1
6f803c3e7a,1
6f851cdc4f,0
6f86273289,0
6f87527aed,0
6f87ae8b82,1
6f8a4ba82f,1
6f8e111035,1
6f8fc0ac03,1
6f904ad711,1
6f92a2b951,0
6f9616d207,0
6f9bdbeb23,0
6f9dd353cb,0
6fa7983088,0
6fa8fccb09,1
6faa784262,1
6fabccd9f4,1
6fb0e557fd,0
6fb2d489d3,0
6fb3cf8983,0
6fb892a8ce,0
6fb9767864,1
6fbafc3be4,1
6fbc7516a0,1
6fbed900c0,0
6fc2ea247e,0
6fc77609f9,1
6fc7b40398,1
6fd0d6ee97,0
6fd25591cc,1
6fd3fd9936,0
6fd442c25d,1
6fdeee77cc,1
6fdfe09367,0
6fe53e2540,0
6fea4df03a,1
6febc95faf,1
6feee634e6,1
6ff079c47d,0
6ff2646ade,0
6ff3ee4496,0
6ff9b12c37,1
70089e7589,1
7010df4a0a,1
7015dfe9c5,1
701c2ac837,0
701ef1655c,1
70212ca126,1
702355c687,0
7023bb6ea6,1
7024018691,0
7027048403,0
7027156260,1
7028fc3e64,0
7029e81171,0
7029f5afca,1
702eb8242a,0
703416db64,1
7034cea39c,0
703724592c,0
703816eba2,0
703a7dcef6,0
703ce5b7ff,1
7040692105,0
70411122c8,0
704246072c,1
7043bc774a,1
7044b294cf,1
704545ad22,0
704b226f5e,1
704fea7ba0,1
705541440a,1
70577768dc,0
705829f433,1
70586c2342,0
705a4463d4,0
705a50e115,1
705f28690f,0
7062a245fc,1
70686765a4,1
706f1d97ed,0
70716d4b4b,0
7075859491,0
707653bc08,1
70772c0730,0
7078c1f878,0
7079140c23,1
707e60c32d,1
7085b54c54,0
708709af02,0
708daeaa33,0
70941159e5,0
7094df030d,0
709d07b161,0
709f2f648c,1
70a11c6fdb,1
70a14e89bd,0
70a28996e6,1
70a72f953c,1
70aa680236,1
70aa88871a,0
70aec02171,0
70af2dacc3,1
70b350c2fd,1
70b43621a7,1
70b7621f90,1
70bd2934fa,0
70bdaed3a1,0
70c235120c,1
70cbb0d77f,0
70ccd5f593,0
70ce4974ea,1
70ce985430,1
70cfbeef99,0
70d2c31eeb,1
70d3c02e5e,0
70d6ba9069,1
70dd2971ab,0
70ddb7b77e,0
70dede51f9,0
70e420485b,1
70ea3bd7ff,1
70eff46e80,0
70f4551544,0
70f889c25f,0
70fb614205,0
70fe0153ae,1
710ec63dcb,0
7111c0e51b,1
711277401e,1
7112e14229,1
71165967e7,1
7116872487,1
711b598580,1
711cfd991e,0
7120522a29,0
71213aacf1,0
7128458856,0
71289f976b,1
7130e335fd,1
71375abc10,1
713bc95d15,1
71402f41ad,0
714316b9f6,0
7149d416b3,0
715012460e,0
7152bfbfd0,0
715416685d,0
7154e6365f,0
71571e0361,1
7158d727bd,0
7160d59410,1
7164815b5d,1
716c4012f7,0
7172f3059d,0
71739c8305,0
7173c65292,1
717554e6ba,0
717e0461dd,1
7184edefa8,1
718d865cb7,1
719763c602,0
7198bf66ff,1
719a378690,1
719e4c41a4,1
71a0f07d0e,0
71a94ea2fc,1
71ac1e3b0d,1
71af092010,1
71b1f10de1,1
71ba5b5629,1
71bd3db3c3,0
71caafdd05,1
71cca26ad6,0
71d03a552a,1
71d4d73251,0
71da9b5853,0
71e0af51ff,0
71e15e0124,1
71e23516e9,1
71e3bc5297,0
71e7e7346b,0
71e971699e,0
71eb11c812,0
71edf8fcd5,0
71f0297aac,1
71f5ca1158,1
71f7a0de32,0
71f7afc1a5,0
71faac98bd,0
71fac4d399,0
71fc307144,0
71fdea4f95,1
720284253e,1
7202dbada8,1
7204741419,1
72099e7bf2,1
720a115ad0,1
72101a07bd,0
7211b2f09c,1
721dc9c389,0
72219839c3,0
7223735417,0
722563c518,1
7227622f16,1
7228dc10f0,0
7229d02039,1
7229d332be,0
722bbb2ae8,0
7233738ce7,0
72377a9f71,0
7238d7f9a6,1
72391c7454,0
723a2eb885,1
723b24ac11,1
723b5087db,1
723d5db809,1
723e06ba37,1
7241c8e568,0
7241da49d3,0
7245bc40e9,1
724a52999b,1
724c44e2d1,0
725067ec89,0
7253946281,0
72572a1bea,0
72585391c3,0
725a91353a,0
725ae80be0,1
725f0b41fd,0
7278f71527,0
727b1adea0,1
727e05e023,1
727e061f62,0
728046f562,0
7280964871,1
7280e5e670,0
72810bfae5,1
72834d3d9d,0
7284a19683,1
72861f5924,0
7287df7f32,0
728b4cc7dc,1
728d1ef0eb,0
728e0f3341,0
728e1c4506,0
729b4327ca,0
729e0aba06,0
72a0cfbcc6,1
72a35372d7,1
72a5c8d0da,0
72a69fd857,0
72a78bc4a9,0
72ab73ec73,1
72af7e36e3,0
72b2869fe6,0
72b3813d39,0
72baed4790,1
72bd25839f,0
72bdba6984,0
72be1cb663,1
72bf9ed39a,0
72c483d263,0
72d1cebde3,1
72d7102688,0
72d7de2c19,1
72d86525ce,1
72d9683767,0
72db2b7d82,1
72dd49d1eb,1
72ddf7b9cb,1
72de1b8322,1
72e2e7873d,1
72e35880f4,1
72e690e78c,0
72e759c123,1
72e7bbb3de,1
72eced12cf,0
72ed1701ee,1
72f0c8e9a1,1
72f1acd83d,0
72f8209d61,1
72fe1a48b5,1
72ff7f7052,0
72ff99162c,1
73004230d5,0
7305388d12,1
7309ddeee2,0
7311416300,1
73136ccbf1,1
73153c244c,1
731abfd076,0
732b551811,0
732d1f4840,1
732f42e34b,0
733101d185,0
7333061d4f,1
73333c4b16,1
73335e76de,0
733a58ea95,0
734015e1f1,1
73437c9042,0
7345295e23,0
7345d8f1c6,1
7348e12b66,1
734bce50aa,1
734f9b32c2,0
735031b985,1
7350df1077,1
735238fb35,0
73555101a1,0
735f30f4f0,1
73617d3d31,1
7364d47ede,1
7368b3bd57,0
7370fba828,0
73721900a1,1
7376ee81ca,0
73823467a0,0
738807ab69,1
738c14ed04,1
738e4d0e25,0
7391993fab,1
7397727320,0
7399423e8b,0
739a79d3aa,0
739d2e0a34,1
739d96cc09,1
739e2a6df7,0
73a24f7304,0
73a450d8dc,0
73acc9b84f,1
73aeb012c4,0
73b2667acb,0
73b6becaec,1
73b6df1711,1
73ba4ccff5,0
73baa6cdf3,0
73bc3c30b4,0
73bc9d0b83,0
73bff41ea5,1
73cf96953c,0
73cfbc1460,1
73d36bc4f6,0
73d81d20fe,1
73da9c4d29,0
73db4e7368,0
73e016c1a8,0
73e412163d,1
73e5d5b4ab,1
73e631602b,0
73e648bc23,0
73e657601d,0
73e8cada0e,0
73f3120056,0
73f677fe7e,0
73fc77ba6a,0
73ff9116c3,0
73ffab79ad,1
740243bf59,0
7404c6fac0,1
7405e5a259,0
7409f4da99,1
7414f69077,0
7415985684,0
741bcddbcf,0
741c78321e,0
741e698b08,0
741ef483d5,0
74228e749d,0
7423a57370,0
7425293932,1
7426daa042,1
7429218956,0
7429f5f266,1
742c1a67ca,0
7430bf3672,1
74327b9947,1
7434454435,1
7437aac114,0
743b37fb81,0
743d2f6bf2,0
744429dda2,1
74455a84e8,1
7445e2b7dc,0
74473afdb0,0
744a47efda,1
744c66d096,1
7453f50419,1
745af08913,1
745e57fe2d,0
7465823440,0
7466a39265,0
746766275f,1
746a3659f5,1
746b8b80e2,0
746df21c14,1
7471f09e45,0
7473986e92,0
74766dfde8,1
7477031ef5,0
7478fe14bf,1
748467b4b0,1
748b895d12,1
748e56b0e1,1
748e8861cd,1
748fac74d3,1
7490103ac7,1
749441861c,1
749a057867,0
749a6b5b71,0
749dea734a,0
74a02aad16,1
74a9864204,1
74aa8af6c8,1
74aa8c127e,0
74ae25e89c,1
74ae928932,1
74af910890,1
74b1c7bcc2,1
74b3dd222c,1
74b75a5688,1
74b9643976,1
74bbdf7a0d,1
74bbfb1810,0
74bfaec0e1,1
74c30e04a3,1
74c49e72c6,0
74c4a03c59,0
74c9a636a8,1
74ccfcf96e,1
74ce23cf50,1
74d15bcf72,1
74d2d2a29a,0
74d7d4a449,1
74dfa093ea,0
74e1180119,0
74e1f096e2,0
74e439c904,1
74e914eb45,1
74eae4e829,0
74ee8c79af,1
74f3da4130,1
74f7a04b7f,0
74fea809ac,1
75014fb92c,1
7509a02fda,0
750d6cd156,1
75114af1c2,1
75134ffbac,0
751575505e,1
75159e5f30,0
7519a0a1e8,0
7519e8b158,0
751de5c2d0,0
75219649be,1
7523c3f615,1
75263ff96b,0
752767f728,0
7532e0c905,0
753555248c,0
75373fe351,1
753e43a2c3,0
7549f68368,1
754a27ebb1,1
754a38a6a8,1
754ea66cf2,0
754f154a7e,1
755028fc0a,1
7553ed0350,0
7556db7180,0
755d3665a7,1
7561af5cf6,0
756441cae6,0
7565702697,1
75666e41cb,0
75687daa94,1
756aa7837b,1
756bb3256c,0
756ec484a6,1
756f4b8f1a,1
756f628936,1
75764293bc,1
757b5eba26,0
757d072343,1
7581ce51f0,0
7583cb7e9c,0
75866184f1,0
758926eb1c,0
7589f8f095,0
758a3e91ce,1
758ce88fe2,0
758d3480fb,1
75925ba08c,1
75944f1e27,0
7594d90542,0
7595bf284e,0
7596997e30,1
759b1cecd4,0
75a293feb8,1
75aa6be643,1
75af2b2b3d,1
75afeefe4a,0
75b13fd8b6,0
75b1a2a01f,0
75b5540181,0
75b730979c,0
75bd39c0b1,0
75c07a5658,1
75c16e684a,1
75c22035e0,0
75c354c48c,1
75c61ccc20,0
75c904f7dd,0
75d25e8334,0
75d45a0455,0
75d5d411dc,1
75d9151d95,1
75d9c28074,0
75dc185ccd,1
75dd3517eb,1
75eb76f21c,1
75ecca3ce7,0
75ed5eb4e9,1
75f454b4b1,0
75f5898779,0
75f6d40a84,0
75f7a55b2f,0
75f7e6caca,1
75fbb008fe,1
7601368dfd,0
760143bd31,1
760201c88e,0
7602ca20d0,1
760345435c,0
760a58bd9b,0
760aa53ec2,0
760d38cd2a,0
760ef7f7cd,1
760f868d98,1
761a438c23,1
76253cda2c,1
76262dae6e,1
76270395bc,0
762b625776,0
762cb87d8b,0
76301c491c,1
76313f4815,1
7636c4d371,0
763733903b,1
763f4858b2,0
76412f7555,0
7645bc96f1,0
7649cde34c,0
7652c7a493,1
765d03a9d1,0
766069ae3b,1
7660ae9e5e,1
7665d0d6bb,1
7667884d19,1
7670b9ee51,0
76723e5b97,1
767371d2f9,0
7674213988,1
767519f185,0
7675fd99fe,0
767660e4c3,1
76779caf57,1
767933bfc7,1
767f1204e7,1
7682006575,1
76841dd327,1
7687fe5240,1
76887e2305,0
768c6b5acc,1
768daca030,1
7690a1a41c,0
76922fcfae,1
7695def44b,0
769d13bd04,1
76a258e149,0
76b76a5e33,0
76b7758f76,0
76b79c287c,1
76b7d8dae8,0
76bb1349ad,0
76bd4c1a8a,0
76c5db3237,0
76c89eb971,1
76cad64796,1
76cc3c12f0,1
76d375a7d2,1
76d49afed5,0
76d573cf79,0
76da899ab1,1
76e20f1310,0
76e4ee91ef,1
76e6d58360,0
76efb86b8b,0
76fb12475a,0
76fb254061,0
76ff5a5c0c,0
77029863e5,1
7704b2307d,1
7705b42876,1
770649e186,1
77082c3773,0
7709b89eb2,0
770d59ca11,0
770ff4b2e6,1
7714eabf2f,1
7716ea0e89,1
7718e262cc,0
771e07e0e5,1
772c29db1d,0
772c7071f6,0
772d5142ad,1
773154a8fb,1
77367b8f9b,0
7736b6e5f5,1
77371f29b2,1
7738d04c3c,0
77444f0c49,0
77448e4a01,1
7747155625,1
77479cf637,0
774b018b9f,1
774d007500,1
775f0d8882,0
7761942cf0,0
7762b8c92c,0
77640088a3,1
77688e641c,1
776a54c986,0
776d380643,1
777613e10a,0
778033108c,0
77807c861a,0
7786533876,0
77868d4fb8,0
778a3805fd,0
778f6d5903,1
77935bfa65,1
7794fdb4e6,1
779f6cf294,1
779ff77b47,0
77a98022f9,1
77b21c3666,1
77b28ddcdf,1
77b2f0b5c8,0
77b3ce8521,1
77b44f14cb,0
77b9f3f09e,0
77bccba155,0
77bcf84fdd,0
77c103045f,1
77c3e50388,1
77c65dba11,1
77c78f15af,0
77cd364a41,1
77cf9314c1,0
77d002ddcb,1
77d2a10cbc,1
77d5437b27,0
77da5f85e6,1
77e0f60f63,0
77e87cd905,1
77f11b57a9,1
77f3b2b4b2,0
77f49893da,1
77f9482234,0
77fa6a808e,1
77ffff4ba3,0
7801147db5,0
7806387ee2,0
78094c6c19,0
780ca7742f,0
7812d4b283,1
78132e76c2,1
7814b02654,0
78156134d2,1
7815647afd,1
781598b9dc,0
7819612a82,0
7819cf7330,0
7822182ec4,1
7827c3aa43,0
7827e6a027,1
7828138f7a,0
7828bf0600,0
782b1f0eab,1
7833e17da7,0
783442cfc3,0
7834fb450b,1
7835b310d9,0
7837014468,1
783744f9dd,1
7838382bc5,0
7838c87453,0
7839c958b6,0
783dbccb62,0
783fbec127,1
7846792447,0
784d0902f6,0
7852caf7cf,0
78537b1a65,1
785820f213,1
78587188e8,1
785c240f61,1
785c5061f9,0
785ce0b6f6,1
785d036b3c,0
7860071e06,1
7861b93013,1
7876fa9c8a,1
7877e44467,1
7877f73bea,0
787a9513f5,0
787e073cd6,1
7880bcf1fc,1
788152c7f0,0
7883ba24c7,0
78866f02bb,0
7890e7b906,1
78923a6737,0
789350d99c,1
7894eedfca,0
78951a6007,1
7897900414,0
789b5198c0,1
78a1a5f619,1
78a23c8837,1
78a363efc6,0
78a6707dfe,1
78a896abe6,0
78aab93e2c,1
78ab277876,0
78ab744f62,0
78ac680859,0
78afbec737,1
78b26bf1f0,1
78b41b8bab,1
78b4e17ad9,1
78b8997266,1
78bdb08997,1
78be0c8d0e,1
78c2b24209,0
78ca600628,0
78d0960bf7,0
78d2dbca51,1
78d46f6225,1
78d7b33f7c,1
78db55ab39,1
78dca2fe11,0
78eeaef70d,0
78f05061de,1
78f4da8d9a,0
78f5079d0f,0
78f94b187b,1
78f9b7e924,0
78fd415bfc,1
790568fc79,1
790764e0d0,1
7909bcf009,0
790af14b75,1
790c545e7a,0
790cd7f605,0
79194160d6,0
791af742a9,0
79200ab6f6,0
79209d324f,0
79212027a6,1
7928c8d300,0
792aa5904f,1
792b0df93d,0
793664d173,1
7938b7a21b,1
7938f054d5,1
793e1de482,0
793f798eca,1
793f8414d4,0
7945341a8c,1
794a2814a9,0
794c6bb269,1
794e22116d,1
79533dac82,0
79569968e2,0
79581a3891,0
795b96132c,1
795f900931,1
7969bb5319,1
796b6af06b,1
797826cbec,1
797e3bdb9b,0
797e85294a,0
797f358caa,0
7981737b01,1
7981b52669,1
798de6a188,0
798ef8012f,1
7994a22230,0
79981f3a20,1
7999a724bc,0
799a04172d,0
799a4313be,0
799a7a5019,1
79a1f89089,0
79ae471eb5,0
79b0e64cef,1
79b2833567,1
79b5f0812e,0
79b696bad7,0
79b9aada77,1
79bc188abb,1
79c0878ced,1
79c8f4abec,0
79cd7cf34e,0
79cf3eebe7,1
79d4b2b12e,0
79d58e4abc,1
79d616d137,0
79d6393331,0
79db42a55d,0
79dbbc3eaa,1
79dc5393b9,1
79dd537f75,1
79e37e7616,0
79e543cbe8,1
79e6b52cf6,0
79e868a383,1
79e8b176fe,0
79ed551f53,1
79ed988413,1
79ee927e19,1
79f06a8a62,0
79f5006880,0
79f9f878ed,1
79fde10da5,0
79fe671e64,0
79ff675693,0
79ffb4f095,0
7a006a86a3,1
7a0178f121,0
7a038b2eb8,0
7a060718d1,0
7a071b3adb,1
7a1156209f,1
7a1588ed47,1
7a184f6fa3,0
7a1e672724,0
7a20b119b4,0
7a25de3783,0
7a2a36a345,1
7a2aa8af3d,1
7a2fab6d17,0
7a35f42eec,1
7a3925aab6,1
7a3aa510ee,1
7a3cc2d866,1
7a3cfe9d49,0
7a3d89fd44,1
7a3dc1573d,0
7a3e6a463c,0
7a4a12fd3d,1
7a4f511b29,0
7a522d1231,1
7a5309d602,0
7a57646bb1,0
7a5a3b22f7,0
7a5f99c974,0
7a62167212,1
7a625da802,1
7a64268710,0
7a65e0f2a0,1
7a6bd5cd18,1
7a6f62bece,1
7a71d0bbca,1
7a735cc424,0
7a7909719a,0
7a7b094481,1
7a7b36f3f9,1
7a7bda60f1,1
7a7d68278e,1
7a7d8e0fc5,0
7a7e39f032,1
7a8172979e,1
7a82ce518a,1
7a83177a31,0
7a841c2a8a,0
7a84339c66,0
7a8492bbc8,1
7a8a8e05e6,1
7a8adfaa11,0
7a8c57fbec,1
7a944921d5,1
7a96745535,1
7a97751959,1
7a98bad64e,1
7a98df9579,1
7aa0119240,0
7aa23731cb,0
7aa4ba806d,0
7aa9666f27,1
7aaab46071,0
7aae819c94,0
7aaf3afb6f,0
7ab5131b9d,0
7ab61a63b3,1
7ab9bf9061,0
7abbc63128,0
7abcf5c7af,1
7abe19626d,0
7accc1e08c,0
7ace6ace61,1
7ad3439e79,1
7ae09633ef,0
7ae1146df7,1
7ae424f4d9,0
7ae5a4cd19,1
7ae6390e1c,0
7ae8dc95ef,0
7ae914ae26,0
7ae9ac2c22,0
7aebf77f6d,1
7aeca105b0,1
7af1b307a7,0
7af6ebfe7c,1
7afa6ae3b3,1
7b01fdda6e,0
7b02345636,0
7b03f68ef7,1
7b06df53a8,1
7b0923dd16,0
7b0c36db26,1
7b10c12ad4,0
7b12a6db23,1
7b1afbabc7,0
7b1c1fe4a9,0
7b1cb7da95,0
7b1e785474,1
7b217d34d5,0
7b247cf811,0
7b26e2fec9,1
7b2c31db5c,1
7b2c471f2c,0
7b3317f195,0
7b366ce805,0
7b3a61d019,1
7b3d54f5ff,1
7b3deb4965,0
7b3df596e0,1
7b41ab15fd,1
7b48a6a0e4,1
7b4b3a1edd,0
7b54af995f,0
7b57c45526,1
7b57ffa4e6,0
7b596fd582,1
7b5ffb87e4,1
7b607ae514,0
7b611601b1,0
7b61d34d13,1
7b64210b8f,0
7b69ed3565,1
7b6a388539,0
7b72286be7,0
7b758a0958,1
7b777cd182,1
7b793bc87a,0
7b79be3394,1
7b7a6f9b07,1
7b82c2496b,1
7b85222ee2,0
7b8b446729,0
7b8d862acf,0
7b9154ecdb,1
7b9386f67b,1
7b940a0f14,0
7b9592b3e2,0
7b95cebb02,0
7b9f64944f,0
7b9fa8b778,1
7ba014a951,1
7ba3a88c27,1
7bad52fd76,0
7bae048ec1,1
7bb2aa8ba3,1
7bb5932239,1
7bb66b27e9,0
7bbb0ee39b,1
7bc1396470,1
7bc1eb22d9,0
7bc289abf8,1
7bc3bc5f76,0
7bc463cf05,1
7bc85bd7e4,1
7bc9d16c55,1
7bced339a2,1
7bd38896c2,0
7bda22ca4a,1
7bdc39471f,0
7bdc6f8d09,1
7be0c9e41f,0
7be0e29c86,0
7be142a72b,1
7be2ed5bad,0
7be4e19375,0
7be56a5fe2,0
7be65c9860,1
7beb4b05d4,1
7becd50b6c,0
7beed539e0,1
7bf017959f,1
7bf2525509,1
7c03211251,0
7c03525c99,0
7c05722af6,1
7c0607fba5,1
7c0bb314f5,0
7c0da7ebd2,1
7c16bbc198,1
7c17a2b3d8,1
